1,ACYS1,A,CYS
1,ACYS1,A,CYS
1,ACYS1,A,CYS
1,ACYS1,A,CYS
1,ACYS1,A,CYS
1,ACYS1,A,CYS
1,ACYS1,A,CYS
1,ACYS1,A,CYS
1,ACYS1,A,CYS
1,ACYS1,A,CYS
1,ACYS1,A,CYS
1,ACYS1,A,CYS
1,ACYS1,A,CYS
2,AGLY2,A,GLY
2,AGLY2,A,GLY
2,AGLY2,A,GLY
2,AGLY2,A,GLY
2,AGLY2,A,GLY
2,AGLY2,A,GLY
2,AGLY2,A,GLY
3,AVAL3,A,VAL
3,AVAL3,A,VAL
3,AVAL3,A,VAL
3,AVAL3,A,VAL
3,AVAL3,A,VAL
3,AVAL3,A,VAL
3,AVAL3,A,VAL
3,AVAL3,A,VAL
3,AVAL3,A,VAL
3,AVAL3,A,VAL
3,AVAL3,A,VAL
3,AVAL3,A,VAL
3,AVAL3,A,VAL
3,AVAL3,A,VAL
3,AVAL3,A,VAL
3,AVAL3,A,VAL
4,APRO4,A,PRO
4,APRO4,A,PRO
4,APRO4,A,PRO
4,APRO4,A,PRO
4,APRO4,A,PRO
4,APRO4,A,PRO
4,APRO4,A,PRO
4,APRO4,A,PRO
4,APRO4,A,PRO
4,APRO4,A,PRO
4,APRO4,A,PRO
4,APRO4,A,PRO
4,APRO4,A,PRO
4,APRO4,A,PRO
5,AALA5,A,ALA
5,AALA5,A,ALA
5,AALA5,A,ALA
5,AALA5,A,ALA
5,AALA5,A,ALA
5,AALA5,A,ALA
5,AALA5,A,ALA
5,AALA5,A,ALA
5,AALA5,A,ALA
5,AALA5,A,ALA
6,AILE6,A,ILE
6,AILE6,A,ILE
6,AILE6,A,ILE
6,AILE6,A,ILE
6,AILE6,A,ILE
6,AILE6,A,ILE
6,AILE6,A,ILE
6,AILE6,A,ILE
6,AILE6,A,ILE
6,AILE6,A,ILE
6,AILE6,A,ILE
6,AILE6,A,ILE
6,AILE6,A,ILE
6,AILE6,A,ILE
6,AILE6,A,ILE
6,AILE6,A,ILE
6,AILE6,A,ILE
6,AILE6,A,ILE
6,AILE6,A,ILE
7,AGLN7,A,GLN
7,AGLN7,A,GLN
7,AGLN7,A,GLN
7,AGLN7,A,GLN
7,AGLN7,A,GLN
7,AGLN7,A,GLN
7,AGLN7,A,GLN
7,AGLN7,A,GLN
7,AGLN7,A,GLN
7,AGLN7,A,GLN
7,AGLN7,A,GLN
7,AGLN7,A,GLN
7,AGLN7,A,GLN
7,AGLN7,A,GLN
7,AGLN7,A,GLN
7,AGLN7,A,GLN
7,AGLN7,A,GLN
8,APRO8,A,PRO
8,APRO8,A,PRO
8,APRO8,A,PRO
8,APRO8,A,PRO
8,APRO8,A,PRO
8,APRO8,A,PRO
8,APRO8,A,PRO
8,APRO8,A,PRO
8,APRO8,A,PRO
8,APRO8,A,PRO
8,APRO8,A,PRO
8,APRO8,A,PRO
8,APRO8,A,PRO
8,APRO8,A,PRO
9,AVAL9,A,VAL
9,AVAL9,A,VAL
9,AVAL9,A,VAL
9,AVAL9,A,VAL
9,AVAL9,A,VAL
9,AVAL9,A,VAL
9,AVAL9,A,VAL
9,AVAL9,A,VAL
9,AVAL9,A,VAL
9,AVAL9,A,VAL
9,AVAL9,A,VAL
9,AVAL9,A,VAL
9,AVAL9,A,VAL
9,AVAL9,A,VAL
9,AVAL9,A,VAL
9,AVAL9,A,VAL
10,ALEU10,A,LEU
10,ALEU10,A,LEU
10,ALEU10,A,LEU
10,ALEU10,A,LEU
10,ALEU10,A,LEU
10,ALEU10,A,LEU
10,ALEU10,A,LEU
10,ALEU10,A,LEU
10,ALEU10,A,LEU
10,ALEU10,A,LEU
10,ALEU10,A,LEU
10,ALEU10,A,LEU
10,ALEU10,A,LEU
10,ALEU10,A,LEU
10,ALEU10,A,LEU
10,ALEU10,A,LEU
10,ALEU10,A,LEU
10,ALEU10,A,LEU
10,ALEU10,A,LEU
11,ASER11,A,SER
11,ASER11,A,SER
11,ASER11,A,SER
11,ASER11,A,SER
11,ASER11,A,SER
11,ASER11,A,SER
11,ASER11,A,SER
11,ASER11,A,SER
11,ASER11,A,SER
11,ASER11,A,SER
11,ASER11,A,SER
12,AGLY12,A,GLY
12,AGLY12,A,GLY
12,AGLY12,A,GLY
12,AGLY12,A,GLY
12,AGLY12,A,GLY
12,AGLY12,A,GLY
12,AGLY12,A,GLY
13,ALEU13,A,LEU
13,ALEU13,A,LEU
13,ALEU13,A,LEU
13,ALEU13,A,LEU
13,ALEU13,A,LEU
13,ALEU13,A,LEU
13,ALEU13,A,LEU
13,ALEU13,A,LEU
13,ALEU13,A,LEU
13,ALEU13,A,LEU
13,ALEU13,A,LEU
13,ALEU13,A,LEU
13,ALEU13,A,LEU
13,ALEU13,A,LEU
13,ALEU13,A,LEU
13,ALEU13,A,LEU
13,ALEU13,A,LEU
13,ALEU13,A,LEU
13,ALEU13,A,LEU
13,ALEU13,A,LEU
16,BILE16,B,ILE
16,BILE16,B,ILE
16,BILE16,B,ILE
16,BILE16,B,ILE
16,BILE16,B,ILE
16,BILE16,B,ILE
16,BILE16,B,ILE
16,BILE16,B,ILE
16,BILE16,B,ILE
16,BILE16,B,ILE
16,BILE16,B,ILE
16,BILE16,B,ILE
16,BILE16,B,ILE
16,BILE16,B,ILE
16,BILE16,B,ILE
16,BILE16,B,ILE
16,BILE16,B,ILE
16,BILE16,B,ILE
16,BILE16,B,ILE
16,BILE16,B,ILE
16,BILE16,B,ILE
17,BVAL17,B,VAL
17,BVAL17,B,VAL
17,BVAL17,B,VAL
17,BVAL17,B,VAL
17,BVAL17,B,VAL
17,BVAL17,B,VAL
17,BVAL17,B,VAL
17,BVAL17,B,VAL
17,BVAL17,B,VAL
17,BVAL17,B,VAL
17,BVAL17,B,VAL
17,BVAL17,B,VAL
17,BVAL17,B,VAL
17,BVAL17,B,VAL
17,BVAL17,B,VAL
17,BVAL17,B,VAL
18,BASN18,B,ASN
18,BASN18,B,ASN
18,BASN18,B,ASN
18,BASN18,B,ASN
18,BASN18,B,ASN
18,BASN18,B,ASN
18,BASN18,B,ASN
18,BASN18,B,ASN
18,BASN18,B,ASN
18,BASN18,B,ASN
18,BASN18,B,ASN
18,BASN18,B,ASN
18,BASN18,B,ASN
18,BASN18,B,ASN
19,BGLY19,B,GLY
19,BGLY19,B,GLY
19,BGLY19,B,GLY
19,BGLY19,B,GLY
19,BGLY19,B,GLY
19,BGLY19,B,GLY
19,BGLY19,B,GLY
20,BGLU20,B,GLU
20,BGLU20,B,GLU
20,BGLU20,B,GLU
20,BGLU20,B,GLU
20,BGLU20,B,GLU
20,BGLU20,B,GLU
20,BGLU20,B,GLU
20,BGLU20,B,GLU
20,BGLU20,B,GLU
20,BGLU20,B,GLU
20,BGLU20,B,GLU
20,BGLU20,B,GLU
20,BGLU20,B,GLU
20,BGLU20,B,GLU
20,BGLU20,B,GLU
21,BGLU21,B,GLU
21,BGLU21,B,GLU
21,BGLU21,B,GLU
21,BGLU21,B,GLU
21,BGLU21,B,GLU
21,BGLU21,B,GLU
21,BGLU21,B,GLU
21,BGLU21,B,GLU
21,BGLU21,B,GLU
21,BGLU21,B,GLU
21,BGLU21,B,GLU
21,BGLU21,B,GLU
21,BGLU21,B,GLU
21,BGLU21,B,GLU
21,BGLU21,B,GLU
22,BALA22,B,ALA
22,BALA22,B,ALA
22,BALA22,B,ALA
22,BALA22,B,ALA
22,BALA22,B,ALA
22,BALA22,B,ALA
22,BALA22,B,ALA
22,BALA22,B,ALA
22,BALA22,B,ALA
22,BALA22,B,ALA
23,BVAL23,B,VAL
23,BVAL23,B,VAL
23,BVAL23,B,VAL
23,BVAL23,B,VAL
23,BVAL23,B,VAL
23,BVAL23,B,VAL
23,BVAL23,B,VAL
23,BVAL23,B,VAL
23,BVAL23,B,VAL
23,BVAL23,B,VAL
23,BVAL23,B,VAL
23,BVAL23,B,VAL
23,BVAL23,B,VAL
23,BVAL23,B,VAL
23,BVAL23,B,VAL
23,BVAL23,B,VAL
24,BPRO24,B,PRO
24,BPRO24,B,PRO
24,BPRO24,B,PRO
24,BPRO24,B,PRO
24,BPRO24,B,PRO
24,BPRO24,B,PRO
24,BPRO24,B,PRO
24,BPRO24,B,PRO
24,BPRO24,B,PRO
24,BPRO24,B,PRO
24,BPRO24,B,PRO
24,BPRO24,B,PRO
24,BPRO24,B,PRO
24,BPRO24,B,PRO
25,BGLY25,B,GLY
25,BGLY25,B,GLY
25,BGLY25,B,GLY
25,BGLY25,B,GLY
25,BGLY25,B,GLY
25,BGLY25,B,GLY
25,BGLY25,B,GLY
26,BSER26,B,SER
26,BSER26,B,SER
26,BSER26,B,SER
26,BSER26,B,SER
26,BSER26,B,SER
26,BSER26,B,SER
26,BSER26,B,SER
26,BSER26,B,SER
26,BSER26,B,SER
26,BSER26,B,SER
26,BSER26,B,SER
27,BTRP27,B,TRP
27,BTRP27,B,TRP
27,BTRP27,B,TRP
27,BTRP27,B,TRP
27,BTRP27,B,TRP
27,BTRP27,B,TRP
27,BTRP27,B,TRP
27,BTRP27,B,TRP
27,BTRP27,B,TRP
27,BTRP27,B,TRP
27,BTRP27,B,TRP
27,BTRP27,B,TRP
27,BTRP27,B,TRP
27,BTRP27,B,TRP
27,BTRP27,B,TRP
27,BTRP27,B,TRP
27,BTRP27,B,TRP
27,BTRP27,B,TRP
27,BTRP27,B,TRP
27,BTRP27,B,TRP
27,BTRP27,B,TRP
27,BTRP27,B,TRP
27,BTRP27,B,TRP
27,BTRP27,B,TRP
28,BPRO28,B,PRO
28,BPRO28,B,PRO
28,BPRO28,B,PRO
28,BPRO28,B,PRO
28,BPRO28,B,PRO
28,BPRO28,B,PRO
28,BPRO28,B,PRO
28,BPRO28,B,PRO
28,BPRO28,B,PRO
28,BPRO28,B,PRO
28,BPRO28,B,PRO
28,BPRO28,B,PRO
28,BPRO28,B,PRO
28,BPRO28,B,PRO
29,BTRP29,B,TRP
29,BTRP29,B,TRP
29,BTRP29,B,TRP
29,BTRP29,B,TRP
29,BTRP29,B,TRP
29,BTRP29,B,TRP
29,BTRP29,B,TRP
29,BTRP29,B,TRP
29,BTRP29,B,TRP
29,BTRP29,B,TRP
29,BTRP29,B,TRP
29,BTRP29,B,TRP
29,BTRP29,B,TRP
29,BTRP29,B,TRP
29,BTRP29,B,TRP
29,BTRP29,B,TRP
29,BTRP29,B,TRP
29,BTRP29,B,TRP
29,BTRP29,B,TRP
29,BTRP29,B,TRP
29,BTRP29,B,TRP
29,BTRP29,B,TRP
29,BTRP29,B,TRP
29,BTRP29,B,TRP
30,BGLN30,B,GLN
30,BGLN30,B,GLN
30,BGLN30,B,GLN
30,BGLN30,B,GLN
30,BGLN30,B,GLN
30,BGLN30,B,GLN
30,BGLN30,B,GLN
30,BGLN30,B,GLN
30,BGLN30,B,GLN
30,BGLN30,B,GLN
30,BGLN30,B,GLN
30,BGLN30,B,GLN
30,BGLN30,B,GLN
30,BGLN30,B,GLN
30,BGLN30,B,GLN
30,BGLN30,B,GLN
30,BGLN30,B,GLN
31,BVAL31,B,VAL
31,BVAL31,B,VAL
31,BVAL31,B,VAL
31,BVAL31,B,VAL
31,BVAL31,B,VAL
31,BVAL31,B,VAL
31,BVAL31,B,VAL
31,BVAL31,B,VAL
31,BVAL31,B,VAL
31,BVAL31,B,VAL
31,BVAL31,B,VAL
31,BVAL31,B,VAL
31,BVAL31,B,VAL
31,BVAL31,B,VAL
31,BVAL31,B,VAL
31,BVAL31,B,VAL
32,BSER32,B,SER
32,BSER32,B,SER
32,BSER32,B,SER
32,BSER32,B,SER
32,BSER32,B,SER
32,BSER32,B,SER
32,BSER32,B,SER
32,BSER32,B,SER
32,BSER32,B,SER
32,BSER32,B,SER
32,BSER32,B,SER
33,BLEU33,B,LEU
33,BLEU33,B,LEU
33,BLEU33,B,LEU
33,BLEU33,B,LEU
33,BLEU33,B,LEU
33,BLEU33,B,LEU
33,BLEU33,B,LEU
33,BLEU33,B,LEU
33,BLEU33,B,LEU
33,BLEU33,B,LEU
33,BLEU33,B,LEU
33,BLEU33,B,LEU
33,BLEU33,B,LEU
33,BLEU33,B,LEU
33,BLEU33,B,LEU
33,BLEU33,B,LEU
33,BLEU33,B,LEU
33,BLEU33,B,LEU
33,BLEU33,B,LEU
34,BGLN34,B,GLN
34,BGLN34,B,GLN
34,BGLN34,B,GLN
34,BGLN34,B,GLN
34,BGLN34,B,GLN
34,BGLN34,B,GLN
34,BGLN34,B,GLN
34,BGLN34,B,GLN
34,BGLN34,B,GLN
34,BGLN34,B,GLN
34,BGLN34,B,GLN
34,BGLN34,B,GLN
34,BGLN34,B,GLN
34,BGLN34,B,GLN
34,BGLN34,B,GLN
34,BGLN34,B,GLN
34,BGLN34,B,GLN
35,BASP35,B,ASP
35,BASP35,B,ASP
35,BASP35,B,ASP
35,BASP35,B,ASP
35,BASP35,B,ASP
35,BASP35,B,ASP
35,BASP35,B,ASP
35,BASP35,B,ASP
35,BASP35,B,ASP
35,BASP35,B,ASP
35,BASP35,B,ASP
35,BASP35,B,ASP
36,BLYS36,B,LYS
36,BLYS36,B,LYS
36,BLYS36,B,LYS
36,BLYS36,B,LYS
36,BLYS36,B,LYS
36,BLYS36,B,LYS
36,BLYS36,B,LYS
36,BLYS36,B,LYS
36,BLYS36,B,LYS
36,BLYS36,B,LYS
36,BLYS36,B,LYS
36,BLYS36,B,LYS
36,BLYS36,B,LYS
36,BLYS36,B,LYS
36,BLYS36,B,LYS
36,BLYS36,B,LYS
36,BLYS36,B,LYS
36,BLYS36,B,LYS
36,BLYS36,B,LYS
36,BLYS36,B,LYS
36,BLYS36,B,LYS
36,BLYS36,B,LYS
37,BTHR37,B,THR
37,BTHR37,B,THR
37,BTHR37,B,THR
37,BTHR37,B,THR
37,BTHR37,B,THR
37,BTHR37,B,THR
37,BTHR37,B,THR
37,BTHR37,B,THR
37,BTHR37,B,THR
37,BTHR37,B,THR
37,BTHR37,B,THR
37,BTHR37,B,THR
37,BTHR37,B,THR
37,BTHR37,B,THR
38,BGLY38,B,GLY
38,BGLY38,B,GLY
38,BGLY38,B,GLY
38,BGLY38,B,GLY
38,BGLY38,B,GLY
38,BGLY38,B,GLY
38,BGLY38,B,GLY
39,BPHE39,B,PHE
39,BPHE39,B,PHE
39,BPHE39,B,PHE
39,BPHE39,B,PHE
39,BPHE39,B,PHE
39,BPHE39,B,PHE
39,BPHE39,B,PHE
39,BPHE39,B,PHE
39,BPHE39,B,PHE
39,BPHE39,B,PHE
39,BPHE39,B,PHE
39,BPHE39,B,PHE
39,BPHE39,B,PHE
39,BPHE39,B,PHE
39,BPHE39,B,PHE
39,BPHE39,B,PHE
39,BPHE39,B,PHE
39,BPHE39,B,PHE
39,BPHE39,B,PHE
39,BPHE39,B,PHE
40,BHSD40,B,HSD
40,BHSD40,B,HSD
40,BHSD40,B,HSD
40,BHSD40,B,HSD
40,BHSD40,B,HSD
40,BHSD40,B,HSD
40,BHSD40,B,HSD
40,BHSD40,B,HSD
40,BHSD40,B,HSD
40,BHSD40,B,HSD
40,BHSD40,B,HSD
40,BHSD40,B,HSD
40,BHSD40,B,HSD
40,BHSD40,B,HSD
40,BHSD40,B,HSD
40,BHSD40,B,HSD
40,BHSD40,B,HSD
41,BPHE41,B,PHE
41,BPHE41,B,PHE
41,BPHE41,B,PHE
41,BPHE41,B,PHE
41,BPHE41,B,PHE
41,BPHE41,B,PHE
41,BPHE41,B,PHE
41,BPHE41,B,PHE
41,BPHE41,B,PHE
41,BPHE41,B,PHE
41,BPHE41,B,PHE
41,BPHE41,B,PHE
41,BPHE41,B,PHE
41,BPHE41,B,PHE
41,BPHE41,B,PHE
41,BPHE41,B,PHE
41,BPHE41,B,PHE
41,BPHE41,B,PHE
41,BPHE41,B,PHE
41,BPHE41,B,PHE
42,BCYS42,B,CYS
42,BCYS42,B,CYS
42,BCYS42,B,CYS
42,BCYS42,B,CYS
42,BCYS42,B,CYS
42,BCYS42,B,CYS
42,BCYS42,B,CYS
42,BCYS42,B,CYS
42,BCYS42,B,CYS
42,BCYS42,B,CYS
42,BCYS42,B,CYS
43,BGLY43,B,GLY
43,BGLY43,B,GLY
43,BGLY43,B,GLY
43,BGLY43,B,GLY
43,BGLY43,B,GLY
43,BGLY43,B,GLY
43,BGLY43,B,GLY
44,BGLY44,B,GLY
44,BGLY44,B,GLY
44,BGLY44,B,GLY
44,BGLY44,B,GLY
44,BGLY44,B,GLY
44,BGLY44,B,GLY
44,BGLY44,B,GLY
45,BSER45,B,SER
45,BSER45,B,SER
45,BSER45,B,SER
45,BSER45,B,SER
45,BSER45,B,SER
45,BSER45,B,SER
45,BSER45,B,SER
45,BSER45,B,SER
45,BSER45,B,SER
45,BSER45,B,SER
45,BSER45,B,SER
46,BLEU46,B,LEU
46,BLEU46,B,LEU
46,BLEU46,B,LEU
46,BLEU46,B,LEU
46,BLEU46,B,LEU
46,BLEU46,B,LEU
46,BLEU46,B,LEU
46,BLEU46,B,LEU
46,BLEU46,B,LEU
46,BLEU46,B,LEU
46,BLEU46,B,LEU
46,BLEU46,B,LEU
46,BLEU46,B,LEU
46,BLEU46,B,LEU
46,BLEU46,B,LEU
46,BLEU46,B,LEU
46,BLEU46,B,LEU
46,BLEU46,B,LEU
46,BLEU46,B,LEU
47,BILE47,B,ILE
47,BILE47,B,ILE
47,BILE47,B,ILE
47,BILE47,B,ILE
47,BILE47,B,ILE
47,BILE47,B,ILE
47,BILE47,B,ILE
47,BILE47,B,ILE
47,BILE47,B,ILE
47,BILE47,B,ILE
47,BILE47,B,ILE
47,BILE47,B,ILE
47,BILE47,B,ILE
47,BILE47,B,ILE
47,BILE47,B,ILE
47,BILE47,B,ILE
47,BILE47,B,ILE
47,BILE47,B,ILE
47,BILE47,B,ILE
48,BASN48,B,ASN
48,BASN48,B,ASN
48,BASN48,B,ASN
48,BASN48,B,ASN
48,BASN48,B,ASN
48,BASN48,B,ASN
48,BASN48,B,ASN
48,BASN48,B,ASN
48,BASN48,B,ASN
48,BASN48,B,ASN
48,BASN48,B,ASN
48,BASN48,B,ASN
48,BASN48,B,ASN
48,BASN48,B,ASN
49,BGLU49,B,GLU
49,BGLU49,B,GLU
49,BGLU49,B,GLU
49,BGLU49,B,GLU
49,BGLU49,B,GLU
49,BGLU49,B,GLU
49,BGLU49,B,GLU
49,BGLU49,B,GLU
49,BGLU49,B,GLU
49,BGLU49,B,GLU
49,BGLU49,B,GLU
49,BGLU49,B,GLU
49,BGLU49,B,GLU
49,BGLU49,B,GLU
49,BGLU49,B,GLU
50,BASN50,B,ASN
50,BASN50,B,ASN
50,BASN50,B,ASN
50,BASN50,B,ASN
50,BASN50,B,ASN
50,BASN50,B,ASN
50,BASN50,B,ASN
50,BASN50,B,ASN
50,BASN50,B,ASN
50,BASN50,B,ASN
50,BASN50,B,ASN
50,BASN50,B,ASN
50,BASN50,B,ASN
50,BASN50,B,ASN
51,BTRP51,B,TRP
51,BTRP51,B,TRP
51,BTRP51,B,TRP
51,BTRP51,B,TRP
51,BTRP51,B,TRP
51,BTRP51,B,TRP
51,BTRP51,B,TRP
51,BTRP51,B,TRP
51,BTRP51,B,TRP
51,BTRP51,B,TRP
51,BTRP51,B,TRP
51,BTRP51,B,TRP
51,BTRP51,B,TRP
51,BTRP51,B,TRP
51,BTRP51,B,TRP
51,BTRP51,B,TRP
51,BTRP51,B,TRP
51,BTRP51,B,TRP
51,BTRP51,B,TRP
51,BTRP51,B,TRP
51,BTRP51,B,TRP
51,BTRP51,B,TRP
51,BTRP51,B,TRP
51,BTRP51,B,TRP
52,BVAL52,B,VAL
52,BVAL52,B,VAL
52,BVAL52,B,VAL
52,BVAL52,B,VAL
52,BVAL52,B,VAL
52,BVAL52,B,VAL
52,BVAL52,B,VAL
52,BVAL52,B,VAL
52,BVAL52,B,VAL
52,BVAL52,B,VAL
52,BVAL52,B,VAL
52,BVAL52,B,VAL
52,BVAL52,B,VAL
52,BVAL52,B,VAL
52,BVAL52,B,VAL
52,BVAL52,B,VAL
53,BVAL53,B,VAL
53,BVAL53,B,VAL
53,BVAL53,B,VAL
53,BVAL53,B,VAL
53,BVAL53,B,VAL
53,BVAL53,B,VAL
53,BVAL53,B,VAL
53,BVAL53,B,VAL
53,BVAL53,B,VAL
53,BVAL53,B,VAL
53,BVAL53,B,VAL
53,BVAL53,B,VAL
53,BVAL53,B,VAL
53,BVAL53,B,VAL
53,BVAL53,B,VAL
53,BVAL53,B,VAL
54,BTHR54,B,THR
54,BTHR54,B,THR
54,BTHR54,B,THR
54,BTHR54,B,THR
54,BTHR54,B,THR
54,BTHR54,B,THR
54,BTHR54,B,THR
54,BTHR54,B,THR
54,BTHR54,B,THR
54,BTHR54,B,THR
54,BTHR54,B,THR
54,BTHR54,B,THR
54,BTHR54,B,THR
54,BTHR54,B,THR
55,BALA55,B,ALA
55,BALA55,B,ALA
55,BALA55,B,ALA
55,BALA55,B,ALA
55,BALA55,B,ALA
55,BALA55,B,ALA
55,BALA55,B,ALA
55,BALA55,B,ALA
55,BALA55,B,ALA
55,BALA55,B,ALA
56,BALA56,B,ALA
56,BALA56,B,ALA
56,BALA56,B,ALA
56,BALA56,B,ALA
56,BALA56,B,ALA
56,BALA56,B,ALA
56,BALA56,B,ALA
56,BALA56,B,ALA
56,BALA56,B,ALA
56,BALA56,B,ALA
57,BHSD57,B,HSD
57,BHSD57,B,HSD
57,BHSD57,B,HSD
57,BHSD57,B,HSD
57,BHSD57,B,HSD
57,BHSD57,B,HSD
57,BHSD57,B,HSD
57,BHSD57,B,HSD
57,BHSD57,B,HSD
57,BHSD57,B,HSD
57,BHSD57,B,HSD
57,BHSD57,B,HSD
57,BHSD57,B,HSD
57,BHSD57,B,HSD
57,BHSD57,B,HSD
57,BHSD57,B,HSD
57,BHSD57,B,HSD
58,BCYS58,B,CYS
58,BCYS58,B,CYS
58,BCYS58,B,CYS
58,BCYS58,B,CYS
58,BCYS58,B,CYS
58,BCYS58,B,CYS
58,BCYS58,B,CYS
58,BCYS58,B,CYS
58,BCYS58,B,CYS
58,BCYS58,B,CYS
58,BCYS58,B,CYS
59,BGLY59,B,GLY
59,BGLY59,B,GLY
59,BGLY59,B,GLY
59,BGLY59,B,GLY
59,BGLY59,B,GLY
59,BGLY59,B,GLY
59,BGLY59,B,GLY
60,BVAL60,B,VAL
60,BVAL60,B,VAL
60,BVAL60,B,VAL
60,BVAL60,B,VAL
60,BVAL60,B,VAL
60,BVAL60,B,VAL
60,BVAL60,B,VAL
60,BVAL60,B,VAL
60,BVAL60,B,VAL
60,BVAL60,B,VAL
60,BVAL60,B,VAL
60,BVAL60,B,VAL
60,BVAL60,B,VAL
60,BVAL60,B,VAL
60,BVAL60,B,VAL
60,BVAL60,B,VAL
61,BTHR61,B,THR
61,BTHR61,B,THR
61,BTHR61,B,THR
61,BTHR61,B,THR
61,BTHR61,B,THR
61,BTHR61,B,THR
61,BTHR61,B,THR
61,BTHR61,B,THR
61,BTHR61,B,THR
61,BTHR61,B,THR
61,BTHR61,B,THR
61,BTHR61,B,THR
61,BTHR61,B,THR
61,BTHR61,B,THR
62,BTHR62,B,THR
62,BTHR62,B,THR
62,BTHR62,B,THR
62,BTHR62,B,THR
62,BTHR62,B,THR
62,BTHR62,B,THR
62,BTHR62,B,THR
62,BTHR62,B,THR
62,BTHR62,B,THR
62,BTHR62,B,THR
62,BTHR62,B,THR
62,BTHR62,B,THR
62,BTHR62,B,THR
62,BTHR62,B,THR
63,BSER63,B,SER
63,BSER63,B,SER
63,BSER63,B,SER
63,BSER63,B,SER
63,BSER63,B,SER
63,BSER63,B,SER
63,BSER63,B,SER
63,BSER63,B,SER
63,BSER63,B,SER
63,BSER63,B,SER
63,BSER63,B,SER
64,BASP64,B,ASP
64,BASP64,B,ASP
64,BASP64,B,ASP
64,BASP64,B,ASP
64,BASP64,B,ASP
64,BASP64,B,ASP
64,BASP64,B,ASP
64,BASP64,B,ASP
64,BASP64,B,ASP
64,BASP64,B,ASP
64,BASP64,B,ASP
64,BASP64,B,ASP
65,BVAL65,B,VAL
65,BVAL65,B,VAL
65,BVAL65,B,VAL
65,BVAL65,B,VAL
65,BVAL65,B,VAL
65,BVAL65,B,VAL
65,BVAL65,B,VAL
65,BVAL65,B,VAL
65,BVAL65,B,VAL
65,BVAL65,B,VAL
65,BVAL65,B,VAL
65,BVAL65,B,VAL
65,BVAL65,B,VAL
65,BVAL65,B,VAL
65,BVAL65,B,VAL
65,BVAL65,B,VAL
66,BVAL66,B,VAL
66,BVAL66,B,VAL
66,BVAL66,B,VAL
66,BVAL66,B,VAL
66,BVAL66,B,VAL
66,BVAL66,B,VAL
66,BVAL66,B,VAL
66,BVAL66,B,VAL
66,BVAL66,B,VAL
66,BVAL66,B,VAL
66,BVAL66,B,VAL
66,BVAL66,B,VAL
66,BVAL66,B,VAL
66,BVAL66,B,VAL
66,BVAL66,B,VAL
66,BVAL66,B,VAL
67,BVAL67,B,VAL
67,BVAL67,B,VAL
67,BVAL67,B,VAL
67,BVAL67,B,VAL
67,BVAL67,B,VAL
67,BVAL67,B,VAL
67,BVAL67,B,VAL
67,BVAL67,B,VAL
67,BVAL67,B,VAL
67,BVAL67,B,VAL
67,BVAL67,B,VAL
67,BVAL67,B,VAL
67,BVAL67,B,VAL
67,BVAL67,B,VAL
67,BVAL67,B,VAL
67,BVAL67,B,VAL
68,BALA68,B,ALA
68,BALA68,B,ALA
68,BALA68,B,ALA
68,BALA68,B,ALA
68,BALA68,B,ALA
68,BALA68,B,ALA
68,BALA68,B,ALA
68,BALA68,B,ALA
68,BALA68,B,ALA
68,BALA68,B,ALA
69,BGLY69,B,GLY
69,BGLY69,B,GLY
69,BGLY69,B,GLY
69,BGLY69,B,GLY
69,BGLY69,B,GLY
69,BGLY69,B,GLY
69,BGLY69,B,GLY
70,BGLU70,B,GLU
70,BGLU70,B,GLU
70,BGLU70,B,GLU
70,BGLU70,B,GLU
70,BGLU70,B,GLU
70,BGLU70,B,GLU
70,BGLU70,B,GLU
70,BGLU70,B,GLU
70,BGLU70,B,GLU
70,BGLU70,B,GLU
70,BGLU70,B,GLU
70,BGLU70,B,GLU
70,BGLU70,B,GLU
70,BGLU70,B,GLU
70,BGLU70,B,GLU
71,BPHE71,B,PHE
71,BPHE71,B,PHE
71,BPHE71,B,PHE
71,BPHE71,B,PHE
71,BPHE71,B,PHE
71,BPHE71,B,PHE
71,BPHE71,B,PHE
71,BPHE71,B,PHE
71,BPHE71,B,PHE
71,BPHE71,B,PHE
71,BPHE71,B,PHE
71,BPHE71,B,PHE
71,BPHE71,B,PHE
71,BPHE71,B,PHE
71,BPHE71,B,PHE
71,BPHE71,B,PHE
71,BPHE71,B,PHE
71,BPHE71,B,PHE
71,BPHE71,B,PHE
71,BPHE71,B,PHE
72,BASP72,B,ASP
72,BASP72,B,ASP
72,BASP72,B,ASP
72,BASP72,B,ASP
72,BASP72,B,ASP
72,BASP72,B,ASP
72,BASP72,B,ASP
72,BASP72,B,ASP
72,BASP72,B,ASP
72,BASP72,B,ASP
72,BASP72,B,ASP
72,BASP72,B,ASP
73,BGLN73,B,GLN
73,BGLN73,B,GLN
73,BGLN73,B,GLN
73,BGLN73,B,GLN
73,BGLN73,B,GLN
73,BGLN73,B,GLN
73,BGLN73,B,GLN
73,BGLN73,B,GLN
73,BGLN73,B,GLN
73,BGLN73,B,GLN
73,BGLN73,B,GLN
73,BGLN73,B,GLN
73,BGLN73,B,GLN
73,BGLN73,B,GLN
73,BGLN73,B,GLN
73,BGLN73,B,GLN
73,BGLN73,B,GLN
74,BGLY74,B,GLY
74,BGLY74,B,GLY
74,BGLY74,B,GLY
74,BGLY74,B,GLY
74,BGLY74,B,GLY
74,BGLY74,B,GLY
74,BGLY74,B,GLY
75,BSER75,B,SER
75,BSER75,B,SER
75,BSER75,B,SER
75,BSER75,B,SER
75,BSER75,B,SER
75,BSER75,B,SER
75,BSER75,B,SER
75,BSER75,B,SER
75,BSER75,B,SER
75,BSER75,B,SER
75,BSER75,B,SER
76,BSER76,B,SER
76,BSER76,B,SER
76,BSER76,B,SER
76,BSER76,B,SER
76,BSER76,B,SER
76,BSER76,B,SER
76,BSER76,B,SER
76,BSER76,B,SER
76,BSER76,B,SER
76,BSER76,B,SER
76,BSER76,B,SER
77,BSER77,B,SER
77,BSER77,B,SER
77,BSER77,B,SER
77,BSER77,B,SER
77,BSER77,B,SER
77,BSER77,B,SER
77,BSER77,B,SER
77,BSER77,B,SER
77,BSER77,B,SER
77,BSER77,B,SER
77,BSER77,B,SER
78,BGLU78,B,GLU
78,BGLU78,B,GLU
78,BGLU78,B,GLU
78,BGLU78,B,GLU
78,BGLU78,B,GLU
78,BGLU78,B,GLU
78,BGLU78,B,GLU
78,BGLU78,B,GLU
78,BGLU78,B,GLU
78,BGLU78,B,GLU
78,BGLU78,B,GLU
78,BGLU78,B,GLU
78,BGLU78,B,GLU
78,BGLU78,B,GLU
78,BGLU78,B,GLU
79,BLYS79,B,LYS
79,BLYS79,B,LYS
79,BLYS79,B,LYS
79,BLYS79,B,LYS
79,BLYS79,B,LYS
79,BLYS79,B,LYS
79,BLYS79,B,LYS
79,BLYS79,B,LYS
79,BLYS79,B,LYS
79,BLYS79,B,LYS
79,BLYS79,B,LYS
79,BLYS79,B,LYS
79,BLYS79,B,LYS
79,BLYS79,B,LYS
79,BLYS79,B,LYS
79,BLYS79,B,LYS
79,BLYS79,B,LYS
79,BLYS79,B,LYS
79,BLYS79,B,LYS
79,BLYS79,B,LYS
79,BLYS79,B,LYS
79,BLYS79,B,LYS
80,BILE80,B,ILE
80,BILE80,B,ILE
80,BILE80,B,ILE
80,BILE80,B,ILE
80,BILE80,B,ILE
80,BILE80,B,ILE
80,BILE80,B,ILE
80,BILE80,B,ILE
80,BILE80,B,ILE
80,BILE80,B,ILE
80,BILE80,B,ILE
80,BILE80,B,ILE
80,BILE80,B,ILE
80,BILE80,B,ILE
80,BILE80,B,ILE
80,BILE80,B,ILE
80,BILE80,B,ILE
80,BILE80,B,ILE
80,BILE80,B,ILE
81,BGLN81,B,GLN
81,BGLN81,B,GLN
81,BGLN81,B,GLN
81,BGLN81,B,GLN
81,BGLN81,B,GLN
81,BGLN81,B,GLN
81,BGLN81,B,GLN
81,BGLN81,B,GLN
81,BGLN81,B,GLN
81,BGLN81,B,GLN
81,BGLN81,B,GLN
81,BGLN81,B,GLN
81,BGLN81,B,GLN
81,BGLN81,B,GLN
81,BGLN81,B,GLN
81,BGLN81,B,GLN
81,BGLN81,B,GLN
82,BLYS82,B,LYS
82,BLYS82,B,LYS
82,BLYS82,B,LYS
82,BLYS82,B,LYS
82,BLYS82,B,LYS
82,BLYS82,B,LYS
82,BLYS82,B,LYS
82,BLYS82,B,LYS
82,BLYS82,B,LYS
82,BLYS82,B,LYS
82,BLYS82,B,LYS
82,BLYS82,B,LYS
82,BLYS82,B,LYS
82,BLYS82,B,LYS
82,BLYS82,B,LYS
82,BLYS82,B,LYS
82,BLYS82,B,LYS
82,BLYS82,B,LYS
82,BLYS82,B,LYS
82,BLYS82,B,LYS
82,BLYS82,B,LYS
82,BLYS82,B,LYS
83,BLEU83,B,LEU
83,BLEU83,B,LEU
83,BLEU83,B,LEU
83,BLEU83,B,LEU
83,BLEU83,B,LEU
83,BLEU83,B,LEU
83,BLEU83,B,LEU
83,BLEU83,B,LEU
83,BLEU83,B,LEU
83,BLEU83,B,LEU
83,BLEU83,B,LEU
83,BLEU83,B,LEU
83,BLEU83,B,LEU
83,BLEU83,B,LEU
83,BLEU83,B,LEU
83,BLEU83,B,LEU
83,BLEU83,B,LEU
83,BLEU83,B,LEU
83,BLEU83,B,LEU
84,BLYS84,B,LYS
84,BLYS84,B,LYS
84,BLYS84,B,LYS
84,BLYS84,B,LYS
84,BLYS84,B,LYS
84,BLYS84,B,LYS
84,BLYS84,B,LYS
84,BLYS84,B,LYS
84,BLYS84,B,LYS
84,BLYS84,B,LYS
84,BLYS84,B,LYS
84,BLYS84,B,LYS
84,BLYS84,B,LYS
84,BLYS84,B,LYS
84,BLYS84,B,LYS
84,BLYS84,B,LYS
84,BLYS84,B,LYS
84,BLYS84,B,LYS
84,BLYS84,B,LYS
84,BLYS84,B,LYS
84,BLYS84,B,LYS
84,BLYS84,B,LYS
85,BILE85,B,ILE
85,BILE85,B,ILE
85,BILE85,B,ILE
85,BILE85,B,ILE
85,BILE85,B,ILE
85,BILE85,B,ILE
85,BILE85,B,ILE
85,BILE85,B,ILE
85,BILE85,B,ILE
85,BILE85,B,ILE
85,BILE85,B,ILE
85,BILE85,B,ILE
85,BILE85,B,ILE
85,BILE85,B,ILE
85,BILE85,B,ILE
85,BILE85,B,ILE
85,BILE85,B,ILE
85,BILE85,B,ILE
85,BILE85,B,ILE
86,BALA86,B,ALA
86,BALA86,B,ALA
86,BALA86,B,ALA
86,BALA86,B,ALA
86,BALA86,B,ALA
86,BALA86,B,ALA
86,BALA86,B,ALA
86,BALA86,B,ALA
86,BALA86,B,ALA
86,BALA86,B,ALA
87,BLYS87,B,LYS
87,BLYS87,B,LYS
87,BLYS87,B,LYS
87,BLYS87,B,LYS
87,BLYS87,B,LYS
87,BLYS87,B,LYS
87,BLYS87,B,LYS
87,BLYS87,B,LYS
87,BLYS87,B,LYS
87,BLYS87,B,LYS
87,BLYS87,B,LYS
87,BLYS87,B,LYS
87,BLYS87,B,LYS
87,BLYS87,B,LYS
87,BLYS87,B,LYS
87,BLYS87,B,LYS
87,BLYS87,B,LYS
87,BLYS87,B,LYS
87,BLYS87,B,LYS
87,BLYS87,B,LYS
87,BLYS87,B,LYS
87,BLYS87,B,LYS
88,BVAL88,B,VAL
88,BVAL88,B,VAL
88,BVAL88,B,VAL
88,BVAL88,B,VAL
88,BVAL88,B,VAL
88,BVAL88,B,VAL
88,BVAL88,B,VAL
88,BVAL88,B,VAL
88,BVAL88,B,VAL
88,BVAL88,B,VAL
88,BVAL88,B,VAL
88,BVAL88,B,VAL
88,BVAL88,B,VAL
88,BVAL88,B,VAL
88,BVAL88,B,VAL
88,BVAL88,B,VAL
89,BPHE89,B,PHE
89,BPHE89,B,PHE
89,BPHE89,B,PHE
89,BPHE89,B,PHE
89,BPHE89,B,PHE
89,BPHE89,B,PHE
89,BPHE89,B,PHE
89,BPHE89,B,PHE
89,BPHE89,B,PHE
89,BPHE89,B,PHE
89,BPHE89,B,PHE
89,BPHE89,B,PHE
89,BPHE89,B,PHE
89,BPHE89,B,PHE
89,BPHE89,B,PHE
89,BPHE89,B,PHE
89,BPHE89,B,PHE
89,BPHE89,B,PHE
89,BPHE89,B,PHE
89,BPHE89,B,PHE
90,BLYS90,B,LYS
90,BLYS90,B,LYS
90,BLYS90,B,LYS
90,BLYS90,B,LYS
90,BLYS90,B,LYS
90,BLYS90,B,LYS
90,BLYS90,B,LYS
90,BLYS90,B,LYS
90,BLYS90,B,LYS
90,BLYS90,B,LYS
90,BLYS90,B,LYS
90,BLYS90,B,LYS
90,BLYS90,B,LYS
90,BLYS90,B,LYS
90,BLYS90,B,LYS
90,BLYS90,B,LYS
90,BLYS90,B,LYS
90,BLYS90,B,LYS
90,BLYS90,B,LYS
90,BLYS90,B,LYS
90,BLYS90,B,LYS
90,BLYS90,B,LYS
91,BASN91,B,ASN
91,BASN91,B,ASN
91,BASN91,B,ASN
91,BASN91,B,ASN
91,BASN91,B,ASN
91,BASN91,B,ASN
91,BASN91,B,ASN
91,BASN91,B,ASN
91,BASN91,B,ASN
91,BASN91,B,ASN
91,BASN91,B,ASN
91,BASN91,B,ASN
91,BASN91,B,ASN
91,BASN91,B,ASN
92,BSER92,B,SER
92,BSER92,B,SER
92,BSER92,B,SER
92,BSER92,B,SER
92,BSER92,B,SER
92,BSER92,B,SER
92,BSER92,B,SER
92,BSER92,B,SER
92,BSER92,B,SER
92,BSER92,B,SER
92,BSER92,B,SER
93,BLYS93,B,LYS
93,BLYS93,B,LYS
93,BLYS93,B,LYS
93,BLYS93,B,LYS
93,BLYS93,B,LYS
93,BLYS93,B,LYS
93,BLYS93,B,LYS
93,BLYS93,B,LYS
93,BLYS93,B,LYS
93,BLYS93,B,LYS
93,BLYS93,B,LYS
93,BLYS93,B,LYS
93,BLYS93,B,LYS
93,BLYS93,B,LYS
93,BLYS93,B,LYS
93,BLYS93,B,LYS
93,BLYS93,B,LYS
93,BLYS93,B,LYS
93,BLYS93,B,LYS
93,BLYS93,B,LYS
93,BLYS93,B,LYS
93,BLYS93,B,LYS
94,BTYR94,B,TYR
94,BTYR94,B,TYR
94,BTYR94,B,TYR
94,BTYR94,B,TYR
94,BTYR94,B,TYR
94,BTYR94,B,TYR
94,BTYR94,B,TYR
94,BTYR94,B,TYR
94,BTYR94,B,TYR
94,BTYR94,B,TYR
94,BTYR94,B,TYR
94,BTYR94,B,TYR
94,BTYR94,B,TYR
94,BTYR94,B,TYR
94,BTYR94,B,TYR
94,BTYR94,B,TYR
94,BTYR94,B,TYR
94,BTYR94,B,TYR
94,BTYR94,B,TYR
94,BTYR94,B,TYR
94,BTYR94,B,TYR
95,BASN95,B,ASN
95,BASN95,B,ASN
95,BASN95,B,ASN
95,BASN95,B,ASN
95,BASN95,B,ASN
95,BASN95,B,ASN
95,BASN95,B,ASN
95,BASN95,B,ASN
95,BASN95,B,ASN
95,BASN95,B,ASN
95,BASN95,B,ASN
95,BASN95,B,ASN
95,BASN95,B,ASN
95,BASN95,B,ASN
96,BSER96,B,SER
96,BSER96,B,SER
96,BSER96,B,SER
96,BSER96,B,SER
96,BSER96,B,SER
96,BSER96,B,SER
96,BSER96,B,SER
96,BSER96,B,SER
96,BSER96,B,SER
96,BSER96,B,SER
96,BSER96,B,SER
97,BLEU97,B,LEU
97,BLEU97,B,LEU
97,BLEU97,B,LEU
97,BLEU97,B,LEU
97,BLEU97,B,LEU
97,BLEU97,B,LEU
97,BLEU97,B,LEU
97,BLEU97,B,LEU
97,BLEU97,B,LEU
97,BLEU97,B,LEU
97,BLEU97,B,LEU
97,BLEU97,B,LEU
97,BLEU97,B,LEU
97,BLEU97,B,LEU
97,BLEU97,B,LEU
97,BLEU97,B,LEU
97,BLEU97,B,LEU
97,BLEU97,B,LEU
97,BLEU97,B,LEU
98,BTHR98,B,THR
98,BTHR98,B,THR
98,BTHR98,B,THR
98,BTHR98,B,THR
98,BTHR98,B,THR
98,BTHR98,B,THR
98,BTHR98,B,THR
98,BTHR98,B,THR
98,BTHR98,B,THR
98,BTHR98,B,THR
98,BTHR98,B,THR
98,BTHR98,B,THR
98,BTHR98,B,THR
98,BTHR98,B,THR
99,BILE99,B,ILE
99,BILE99,B,ILE
99,BILE99,B,ILE
99,BILE99,B,ILE
99,BILE99,B,ILE
99,BILE99,B,ILE
99,BILE99,B,ILE
99,BILE99,B,ILE
99,BILE99,B,ILE
99,BILE99,B,ILE
99,BILE99,B,ILE
99,BILE99,B,ILE
99,BILE99,B,ILE
99,BILE99,B,ILE
99,BILE99,B,ILE
99,BILE99,B,ILE
99,BILE99,B,ILE
99,BILE99,B,ILE
99,BILE99,B,ILE
100,BASN100,B,ASN
100,BASN100,B,ASN
100,BASN100,B,ASN
100,BASN100,B,ASN
100,BASN100,B,ASN
100,BASN100,B,ASN
100,BASN100,B,ASN
100,BASN100,B,ASN
100,BASN100,B,ASN
100,BASN100,B,ASN
100,BASN100,B,ASN
100,BASN100,B,ASN
100,BASN100,B,ASN
100,BASN100,B,ASN
101,BASN101,B,ASN
101,BASN101,B,ASN
101,BASN101,B,ASN
101,BASN101,B,ASN
101,BASN101,B,ASN
101,BASN101,B,ASN
101,BASN101,B,ASN
101,BASN101,B,ASN
101,BASN101,B,ASN
101,BASN101,B,ASN
101,BASN101,B,ASN
101,BASN101,B,ASN
101,BASN101,B,ASN
101,BASN101,B,ASN
102,BASP102,B,ASP
102,BASP102,B,ASP
102,BASP102,B,ASP
102,BASP102,B,ASP
102,BASP102,B,ASP
102,BASP102,B,ASP
102,BASP102,B,ASP
102,BASP102,B,ASP
102,BASP102,B,ASP
102,BASP102,B,ASP
102,BASP102,B,ASP
102,BASP102,B,ASP
103,BILE103,B,ILE
103,BILE103,B,ILE
103,BILE103,B,ILE
103,BILE103,B,ILE
103,BILE103,B,ILE
103,BILE103,B,ILE
103,BILE103,B,ILE
103,BILE103,B,ILE
103,BILE103,B,ILE
103,BILE103,B,ILE
103,BILE103,B,ILE
103,BILE103,B,ILE
103,BILE103,B,ILE
103,BILE103,B,ILE
103,BILE103,B,ILE
103,BILE103,B,ILE
103,BILE103,B,ILE
103,BILE103,B,ILE
103,BILE103,B,ILE
104,BTHR104,B,THR
104,BTHR104,B,THR
104,BTHR104,B,THR
104,BTHR104,B,THR
104,BTHR104,B,THR
104,BTHR104,B,THR
104,BTHR104,B,THR
104,BTHR104,B,THR
104,BTHR104,B,THR
104,BTHR104,B,THR
104,BTHR104,B,THR
104,BTHR104,B,THR
104,BTHR104,B,THR
104,BTHR104,B,THR
105,BLEU105,B,LEU
105,BLEU105,B,LEU
105,BLEU105,B,LEU
105,BLEU105,B,LEU
105,BLEU105,B,LEU
105,BLEU105,B,LEU
105,BLEU105,B,LEU
105,BLEU105,B,LEU
105,BLEU105,B,LEU
105,BLEU105,B,LEU
105,BLEU105,B,LEU
105,BLEU105,B,LEU
105,BLEU105,B,LEU
105,BLEU105,B,LEU
105,BLEU105,B,LEU
105,BLEU105,B,LEU
105,BLEU105,B,LEU
105,BLEU105,B,LEU
105,BLEU105,B,LEU
106,BLEU106,B,LEU
106,BLEU106,B,LEU
106,BLEU106,B,LEU
106,BLEU106,B,LEU
106,BLEU106,B,LEU
106,BLEU106,B,LEU
106,BLEU106,B,LEU
106,BLEU106,B,LEU
106,BLEU106,B,LEU
106,BLEU106,B,LEU
106,BLEU106,B,LEU
106,BLEU106,B,LEU
106,BLEU106,B,LEU
106,BLEU106,B,LEU
106,BLEU106,B,LEU
106,BLEU106,B,LEU
106,BLEU106,B,LEU
106,BLEU106,B,LEU
106,BLEU106,B,LEU
107,BLYS107,B,LYS
107,BLYS107,B,LYS
107,BLYS107,B,LYS
107,BLYS107,B,LYS
107,BLYS107,B,LYS
107,BLYS107,B,LYS
107,BLYS107,B,LYS
107,BLYS107,B,LYS
107,BLYS107,B,LYS
107,BLYS107,B,LYS
107,BLYS107,B,LYS
107,BLYS107,B,LYS
107,BLYS107,B,LYS
107,BLYS107,B,LYS
107,BLYS107,B,LYS
107,BLYS107,B,LYS
107,BLYS107,B,LYS
107,BLYS107,B,LYS
107,BLYS107,B,LYS
107,BLYS107,B,LYS
107,BLYS107,B,LYS
107,BLYS107,B,LYS
108,BLEU108,B,LEU
108,BLEU108,B,LEU
108,BLEU108,B,LEU
108,BLEU108,B,LEU
108,BLEU108,B,LEU
108,BLEU108,B,LEU
108,BLEU108,B,LEU
108,BLEU108,B,LEU
108,BLEU108,B,LEU
108,BLEU108,B,LEU
108,BLEU108,B,LEU
108,BLEU108,B,LEU
108,BLEU108,B,LEU
108,BLEU108,B,LEU
108,BLEU108,B,LEU
108,BLEU108,B,LEU
108,BLEU108,B,LEU
108,BLEU108,B,LEU
108,BLEU108,B,LEU
109,BSER109,B,SER
109,BSER109,B,SER
109,BSER109,B,SER
109,BSER109,B,SER
109,BSER109,B,SER
109,BSER109,B,SER
109,BSER109,B,SER
109,BSER109,B,SER
109,BSER109,B,SER
109,BSER109,B,SER
109,BSER109,B,SER
110,BTHR110,B,THR
110,BTHR110,B,THR
110,BTHR110,B,THR
110,BTHR110,B,THR
110,BTHR110,B,THR
110,BTHR110,B,THR
110,BTHR110,B,THR
110,BTHR110,B,THR
110,BTHR110,B,THR
110,BTHR110,B,THR
110,BTHR110,B,THR
110,BTHR110,B,THR
110,BTHR110,B,THR
110,BTHR110,B,THR
111,BALA111,B,ALA
111,BALA111,B,ALA
111,BALA111,B,ALA
111,BALA111,B,ALA
111,BALA111,B,ALA
111,BALA111,B,ALA
111,BALA111,B,ALA
111,BALA111,B,ALA
111,BALA111,B,ALA
111,BALA111,B,ALA
112,BALA112,B,ALA
112,BALA112,B,ALA
112,BALA112,B,ALA
112,BALA112,B,ALA
112,BALA112,B,ALA
112,BALA112,B,ALA
112,BALA112,B,ALA
112,BALA112,B,ALA
112,BALA112,B,ALA
112,BALA112,B,ALA
113,BSER113,B,SER
113,BSER113,B,SER
113,BSER113,B,SER
113,BSER113,B,SER
113,BSER113,B,SER
113,BSER113,B,SER
113,BSER113,B,SER
113,BSER113,B,SER
113,BSER113,B,SER
113,BSER113,B,SER
113,BSER113,B,SER
114,BPHE114,B,PHE
114,BPHE114,B,PHE
114,BPHE114,B,PHE
114,BPHE114,B,PHE
114,BPHE114,B,PHE
114,BPHE114,B,PHE
114,BPHE114,B,PHE
114,BPHE114,B,PHE
114,BPHE114,B,PHE
114,BPHE114,B,PHE
114,BPHE114,B,PHE
114,BPHE114,B,PHE
114,BPHE114,B,PHE
114,BPHE114,B,PHE
114,BPHE114,B,PHE
114,BPHE114,B,PHE
114,BPHE114,B,PHE
114,BPHE114,B,PHE
114,BPHE114,B,PHE
114,BPHE114,B,PHE
115,BSER115,B,SER
115,BSER115,B,SER
115,BSER115,B,SER
115,BSER115,B,SER
115,BSER115,B,SER
115,BSER115,B,SER
115,BSER115,B,SER
115,BSER115,B,SER
115,BSER115,B,SER
115,BSER115,B,SER
115,BSER115,B,SER
116,BGLN116,B,GLN
116,BGLN116,B,GLN
116,BGLN116,B,GLN
116,BGLN116,B,GLN
116,BGLN116,B,GLN
116,BGLN116,B,GLN
116,BGLN116,B,GLN
116,BGLN116,B,GLN
116,BGLN116,B,GLN
116,BGLN116,B,GLN
116,BGLN116,B,GLN
116,BGLN116,B,GLN
116,BGLN116,B,GLN
116,BGLN116,B,GLN
116,BGLN116,B,GLN
116,BGLN116,B,GLN
116,BGLN116,B,GLN
117,BTHR117,B,THR
117,BTHR117,B,THR
117,BTHR117,B,THR
117,BTHR117,B,THR
117,BTHR117,B,THR
117,BTHR117,B,THR
117,BTHR117,B,THR
117,BTHR117,B,THR
117,BTHR117,B,THR
117,BTHR117,B,THR
117,BTHR117,B,THR
117,BTHR117,B,THR
117,BTHR117,B,THR
117,BTHR117,B,THR
118,BVAL118,B,VAL
118,BVAL118,B,VAL
118,BVAL118,B,VAL
118,BVAL118,B,VAL
118,BVAL118,B,VAL
118,BVAL118,B,VAL
118,BVAL118,B,VAL
118,BVAL118,B,VAL
118,BVAL118,B,VAL
118,BVAL118,B,VAL
118,BVAL118,B,VAL
118,BVAL118,B,VAL
118,BVAL118,B,VAL
118,BVAL118,B,VAL
118,BVAL118,B,VAL
118,BVAL118,B,VAL
119,BSER119,B,SER
119,BSER119,B,SER
119,BSER119,B,SER
119,BSER119,B,SER
119,BSER119,B,SER
119,BSER119,B,SER
119,BSER119,B,SER
119,BSER119,B,SER
119,BSER119,B,SER
119,BSER119,B,SER
119,BSER119,B,SER
120,BALA120,B,ALA
120,BALA120,B,ALA
120,BALA120,B,ALA
120,BALA120,B,ALA
120,BALA120,B,ALA
120,BALA120,B,ALA
120,BALA120,B,ALA
120,BALA120,B,ALA
120,BALA120,B,ALA
120,BALA120,B,ALA
121,BVAL121,B,VAL
121,BVAL121,B,VAL
121,BVAL121,B,VAL
121,BVAL121,B,VAL
121,BVAL121,B,VAL
121,BVAL121,B,VAL
121,BVAL121,B,VAL
121,BVAL121,B,VAL
121,BVAL121,B,VAL
121,BVAL121,B,VAL
121,BVAL121,B,VAL
121,BVAL121,B,VAL
121,BVAL121,B,VAL
121,BVAL121,B,VAL
121,BVAL121,B,VAL
121,BVAL121,B,VAL
122,BCYS122,B,CYS
122,BCYS122,B,CYS
122,BCYS122,B,CYS
122,BCYS122,B,CYS
122,BCYS122,B,CYS
122,BCYS122,B,CYS
122,BCYS122,B,CYS
122,BCYS122,B,CYS
122,BCYS122,B,CYS
122,BCYS122,B,CYS
122,BCYS122,B,CYS
123,BLEU123,B,LEU
123,BLEU123,B,LEU
123,BLEU123,B,LEU
123,BLEU123,B,LEU
123,BLEU123,B,LEU
123,BLEU123,B,LEU
123,BLEU123,B,LEU
123,BLEU123,B,LEU
123,BLEU123,B,LEU
123,BLEU123,B,LEU
123,BLEU123,B,LEU
123,BLEU123,B,LEU
123,BLEU123,B,LEU
123,BLEU123,B,LEU
123,BLEU123,B,LEU
123,BLEU123,B,LEU
123,BLEU123,B,LEU
123,BLEU123,B,LEU
123,BLEU123,B,LEU
124,BPRO124,B,PRO
124,BPRO124,B,PRO
124,BPRO124,B,PRO
124,BPRO124,B,PRO
124,BPRO124,B,PRO
124,BPRO124,B,PRO
124,BPRO124,B,PRO
124,BPRO124,B,PRO
124,BPRO124,B,PRO
124,BPRO124,B,PRO
124,BPRO124,B,PRO
124,BPRO124,B,PRO
124,BPRO124,B,PRO
124,BPRO124,B,PRO
125,BSER125,B,SER
125,BSER125,B,SER
125,BSER125,B,SER
125,BSER125,B,SER
125,BSER125,B,SER
125,BSER125,B,SER
125,BSER125,B,SER
125,BSER125,B,SER
125,BSER125,B,SER
125,BSER125,B,SER
125,BSER125,B,SER
126,BALA126,B,ALA
126,BALA126,B,ALA
126,BALA126,B,ALA
126,BALA126,B,ALA
126,BALA126,B,ALA
126,BALA126,B,ALA
126,BALA126,B,ALA
126,BALA126,B,ALA
126,BALA126,B,ALA
126,BALA126,B,ALA
127,BSER127,B,SER
127,BSER127,B,SER
127,BSER127,B,SER
127,BSER127,B,SER
127,BSER127,B,SER
127,BSER127,B,SER
127,BSER127,B,SER
127,BSER127,B,SER
127,BSER127,B,SER
127,BSER127,B,SER
127,BSER127,B,SER
128,BASP128,B,ASP
128,BASP128,B,ASP
128,BASP128,B,ASP
128,BASP128,B,ASP
128,BASP128,B,ASP
128,BASP128,B,ASP
128,BASP128,B,ASP
128,BASP128,B,ASP
128,BASP128,B,ASP
128,BASP128,B,ASP
128,BASP128,B,ASP
128,BASP128,B,ASP
129,BASP129,B,ASP
129,BASP129,B,ASP
129,BASP129,B,ASP
129,BASP129,B,ASP
129,BASP129,B,ASP
129,BASP129,B,ASP
129,BASP129,B,ASP
129,BASP129,B,ASP
129,BASP129,B,ASP
129,BASP129,B,ASP
129,BASP129,B,ASP
129,BASP129,B,ASP
130,BPHE130,B,PHE
130,BPHE130,B,PHE
130,BPHE130,B,PHE
130,BPHE130,B,PHE
130,BPHE130,B,PHE
130,BPHE130,B,PHE
130,BPHE130,B,PHE
130,BPHE130,B,PHE
130,BPHE130,B,PHE
130,BPHE130,B,PHE
130,BPHE130,B,PHE
130,BPHE130,B,PHE
130,BPHE130,B,PHE
130,BPHE130,B,PHE
130,BPHE130,B,PHE
130,BPHE130,B,PHE
130,BPHE130,B,PHE
130,BPHE130,B,PHE
130,BPHE130,B,PHE
130,BPHE130,B,PHE
131,BALA131,B,ALA
131,BALA131,B,ALA
131,BALA131,B,ALA
131,BALA131,B,ALA
131,BALA131,B,ALA
131,BALA131,B,ALA
131,BALA131,B,ALA
131,BALA131,B,ALA
131,BALA131,B,ALA
131,BALA131,B,ALA
132,BALA132,B,ALA
132,BALA132,B,ALA
132,BALA132,B,ALA
132,BALA132,B,ALA
132,BALA132,B,ALA
132,BALA132,B,ALA
132,BALA132,B,ALA
132,BALA132,B,ALA
132,BALA132,B,ALA
132,BALA132,B,ALA
133,BGLY133,B,GLY
133,BGLY133,B,GLY
133,BGLY133,B,GLY
133,BGLY133,B,GLY
133,BGLY133,B,GLY
133,BGLY133,B,GLY
133,BGLY133,B,GLY
134,BTHR134,B,THR
134,BTHR134,B,THR
134,BTHR134,B,THR
134,BTHR134,B,THR
134,BTHR134,B,THR
134,BTHR134,B,THR
134,BTHR134,B,THR
134,BTHR134,B,THR
134,BTHR134,B,THR
134,BTHR134,B,THR
134,BTHR134,B,THR
134,BTHR134,B,THR
134,BTHR134,B,THR
134,BTHR134,B,THR
135,BTHR135,B,THR
135,BTHR135,B,THR
135,BTHR135,B,THR
135,BTHR135,B,THR
135,BTHR135,B,THR
135,BTHR135,B,THR
135,BTHR135,B,THR
135,BTHR135,B,THR
135,BTHR135,B,THR
135,BTHR135,B,THR
135,BTHR135,B,THR
135,BTHR135,B,THR
135,BTHR135,B,THR
135,BTHR135,B,THR
136,BCYS136,B,CYS
136,BCYS136,B,CYS
136,BCYS136,B,CYS
136,BCYS136,B,CYS
136,BCYS136,B,CYS
136,BCYS136,B,CYS
136,BCYS136,B,CYS
136,BCYS136,B,CYS
136,BCYS136,B,CYS
136,BCYS136,B,CYS
136,BCYS136,B,CYS
137,BVAL137,B,VAL
137,BVAL137,B,VAL
137,BVAL137,B,VAL
137,BVAL137,B,VAL
137,BVAL137,B,VAL
137,BVAL137,B,VAL
137,BVAL137,B,VAL
137,BVAL137,B,VAL
137,BVAL137,B,VAL
137,BVAL137,B,VAL
137,BVAL137,B,VAL
137,BVAL137,B,VAL
137,BVAL137,B,VAL
137,BVAL137,B,VAL
137,BVAL137,B,VAL
137,BVAL137,B,VAL
138,BTHR138,B,THR
138,BTHR138,B,THR
138,BTHR138,B,THR
138,BTHR138,B,THR
138,BTHR138,B,THR
138,BTHR138,B,THR
138,BTHR138,B,THR
138,BTHR138,B,THR
138,BTHR138,B,THR
138,BTHR138,B,THR
138,BTHR138,B,THR
138,BTHR138,B,THR
138,BTHR138,B,THR
138,BTHR138,B,THR
139,BTHR139,B,THR
139,BTHR139,B,THR
139,BTHR139,B,THR
139,BTHR139,B,THR
139,BTHR139,B,THR
139,BTHR139,B,THR
139,BTHR139,B,THR
139,BTHR139,B,THR
139,BTHR139,B,THR
139,BTHR139,B,THR
139,BTHR139,B,THR
139,BTHR139,B,THR
139,BTHR139,B,THR
139,BTHR139,B,THR
140,BGLY140,B,GLY
140,BGLY140,B,GLY
140,BGLY140,B,GLY
140,BGLY140,B,GLY
140,BGLY140,B,GLY
140,BGLY140,B,GLY
140,BGLY140,B,GLY
141,BTRP141,B,TRP
141,BTRP141,B,TRP
141,BTRP141,B,TRP
141,BTRP141,B,TRP
141,BTRP141,B,TRP
141,BTRP141,B,TRP
141,BTRP141,B,TRP
141,BTRP141,B,TRP
141,BTRP141,B,TRP
141,BTRP141,B,TRP
141,BTRP141,B,TRP
141,BTRP141,B,TRP
141,BTRP141,B,TRP
141,BTRP141,B,TRP
141,BTRP141,B,TRP
141,BTRP141,B,TRP
141,BTRP141,B,TRP
141,BTRP141,B,TRP
141,BTRP141,B,TRP
141,BTRP141,B,TRP
141,BTRP141,B,TRP
141,BTRP141,B,TRP
141,BTRP141,B,TRP
141,BTRP141,B,TRP
142,BGLY142,B,GLY
142,BGLY142,B,GLY
142,BGLY142,B,GLY
142,BGLY142,B,GLY
142,BGLY142,B,GLY
142,BGLY142,B,GLY
142,BGLY142,B,GLY
143,BLEU143,B,LEU
143,BLEU143,B,LEU
143,BLEU143,B,LEU
143,BLEU143,B,LEU
143,BLEU143,B,LEU
143,BLEU143,B,LEU
143,BLEU143,B,LEU
143,BLEU143,B,LEU
143,BLEU143,B,LEU
143,BLEU143,B,LEU
143,BLEU143,B,LEU
143,BLEU143,B,LEU
143,BLEU143,B,LEU
143,BLEU143,B,LEU
143,BLEU143,B,LEU
143,BLEU143,B,LEU
143,BLEU143,B,LEU
143,BLEU143,B,LEU
143,BLEU143,B,LEU
144,BTHR144,B,THR
144,BTHR144,B,THR
144,BTHR144,B,THR
144,BTHR144,B,THR
144,BTHR144,B,THR
144,BTHR144,B,THR
144,BTHR144,B,THR
144,BTHR144,B,THR
144,BTHR144,B,THR
144,BTHR144,B,THR
144,BTHR144,B,THR
144,BTHR144,B,THR
144,BTHR144,B,THR
144,BTHR144,B,THR
145,BARG145,B,ARG
145,BARG145,B,ARG
145,BARG145,B,ARG
145,BARG145,B,ARG
145,BARG145,B,ARG
145,BARG145,B,ARG
145,BARG145,B,ARG
145,BARG145,B,ARG
145,BARG145,B,ARG
145,BARG145,B,ARG
145,BARG145,B,ARG
145,BARG145,B,ARG
145,BARG145,B,ARG
145,BARG145,B,ARG
145,BARG145,B,ARG
145,BARG145,B,ARG
145,BARG145,B,ARG
145,BARG145,B,ARG
145,BARG145,B,ARG
145,BARG145,B,ARG
145,BARG145,B,ARG
145,BARG145,B,ARG
145,BARG145,B,ARG
145,BARG145,B,ARG
146,BTYR146,B,TYR
146,BTYR146,B,TYR
146,BTYR146,B,TYR
146,BTYR146,B,TYR
146,BTYR146,B,TYR
146,BTYR146,B,TYR
146,BTYR146,B,TYR
146,BTYR146,B,TYR
146,BTYR146,B,TYR
146,BTYR146,B,TYR
146,BTYR146,B,TYR
146,BTYR146,B,TYR
146,BTYR146,B,TYR
146,BTYR146,B,TYR
146,BTYR146,B,TYR
146,BTYR146,B,TYR
146,BTYR146,B,TYR
146,BTYR146,B,TYR
146,BTYR146,B,TYR
146,BTYR146,B,TYR
146,BTYR146,B,TYR
146,BTYR146,B,TYR
149,CALA149,C,ALA
149,CALA149,C,ALA
149,CALA149,C,ALA
149,CALA149,C,ALA
149,CALA149,C,ALA
149,CALA149,C,ALA
149,CALA149,C,ALA
149,CALA149,C,ALA
149,CALA149,C,ALA
149,CALA149,C,ALA
149,CALA149,C,ALA
149,CALA149,C,ALA
150,CASN150,C,ASN
150,CASN150,C,ASN
150,CASN150,C,ASN
150,CASN150,C,ASN
150,CASN150,C,ASN
150,CASN150,C,ASN
150,CASN150,C,ASN
150,CASN150,C,ASN
150,CASN150,C,ASN
150,CASN150,C,ASN
150,CASN150,C,ASN
150,CASN150,C,ASN
150,CASN150,C,ASN
150,CASN150,C,ASN
151,CTHR151,C,THR
151,CTHR151,C,THR
151,CTHR151,C,THR
151,CTHR151,C,THR
151,CTHR151,C,THR
151,CTHR151,C,THR
151,CTHR151,C,THR
151,CTHR151,C,THR
151,CTHR151,C,THR
151,CTHR151,C,THR
151,CTHR151,C,THR
151,CTHR151,C,THR
151,CTHR151,C,THR
151,CTHR151,C,THR
152,CPRO152,C,PRO
152,CPRO152,C,PRO
152,CPRO152,C,PRO
152,CPRO152,C,PRO
152,CPRO152,C,PRO
152,CPRO152,C,PRO
152,CPRO152,C,PRO
152,CPRO152,C,PRO
152,CPRO152,C,PRO
152,CPRO152,C,PRO
152,CPRO152,C,PRO
152,CPRO152,C,PRO
152,CPRO152,C,PRO
152,CPRO152,C,PRO
153,CASP153,C,ASP
153,CASP153,C,ASP
153,CASP153,C,ASP
153,CASP153,C,ASP
153,CASP153,C,ASP
153,CASP153,C,ASP
153,CASP153,C,ASP
153,CASP153,C,ASP
153,CASP153,C,ASP
153,CASP153,C,ASP
153,CASP153,C,ASP
153,CASP153,C,ASP
154,CARG154,C,ARG
154,CARG154,C,ARG
154,CARG154,C,ARG
154,CARG154,C,ARG
154,CARG154,C,ARG
154,CARG154,C,ARG
154,CARG154,C,ARG
154,CARG154,C,ARG
154,CARG154,C,ARG
154,CARG154,C,ARG
154,CARG154,C,ARG
154,CARG154,C,ARG
154,CARG154,C,ARG
154,CARG154,C,ARG
154,CARG154,C,ARG
154,CARG154,C,ARG
154,CARG154,C,ARG
154,CARG154,C,ARG
154,CARG154,C,ARG
154,CARG154,C,ARG
154,CARG154,C,ARG
154,CARG154,C,ARG
154,CARG154,C,ARG
154,CARG154,C,ARG
155,CLEU155,C,LEU
155,CLEU155,C,LEU
155,CLEU155,C,LEU
155,CLEU155,C,LEU
155,CLEU155,C,LEU
155,CLEU155,C,LEU
155,CLEU155,C,LEU
155,CLEU155,C,LEU
155,CLEU155,C,LEU
155,CLEU155,C,LEU
155,CLEU155,C,LEU
155,CLEU155,C,LEU
155,CLEU155,C,LEU
155,CLEU155,C,LEU
155,CLEU155,C,LEU
155,CLEU155,C,LEU
155,CLEU155,C,LEU
155,CLEU155,C,LEU
155,CLEU155,C,LEU
156,CGLN156,C,GLN
156,CGLN156,C,GLN
156,CGLN156,C,GLN
156,CGLN156,C,GLN
156,CGLN156,C,GLN
156,CGLN156,C,GLN
156,CGLN156,C,GLN
156,CGLN156,C,GLN
156,CGLN156,C,GLN
156,CGLN156,C,GLN
156,CGLN156,C,GLN
156,CGLN156,C,GLN
156,CGLN156,C,GLN
156,CGLN156,C,GLN
156,CGLN156,C,GLN
156,CGLN156,C,GLN
156,CGLN156,C,GLN
157,CGLN157,C,GLN
157,CGLN157,C,GLN
157,CGLN157,C,GLN
157,CGLN157,C,GLN
157,CGLN157,C,GLN
157,CGLN157,C,GLN
157,CGLN157,C,GLN
157,CGLN157,C,GLN
157,CGLN157,C,GLN
157,CGLN157,C,GLN
157,CGLN157,C,GLN
157,CGLN157,C,GLN
157,CGLN157,C,GLN
157,CGLN157,C,GLN
157,CGLN157,C,GLN
157,CGLN157,C,GLN
157,CGLN157,C,GLN
158,CALA158,C,ALA
158,CALA158,C,ALA
158,CALA158,C,ALA
158,CALA158,C,ALA
158,CALA158,C,ALA
158,CALA158,C,ALA
158,CALA158,C,ALA
158,CALA158,C,ALA
158,CALA158,C,ALA
158,CALA158,C,ALA
159,CSER159,C,SER
159,CSER159,C,SER
159,CSER159,C,SER
159,CSER159,C,SER
159,CSER159,C,SER
159,CSER159,C,SER
159,CSER159,C,SER
159,CSER159,C,SER
159,CSER159,C,SER
159,CSER159,C,SER
159,CSER159,C,SER
160,CLEU160,C,LEU
160,CLEU160,C,LEU
160,CLEU160,C,LEU
160,CLEU160,C,LEU
160,CLEU160,C,LEU
160,CLEU160,C,LEU
160,CLEU160,C,LEU
160,CLEU160,C,LEU
160,CLEU160,C,LEU
160,CLEU160,C,LEU
160,CLEU160,C,LEU
160,CLEU160,C,LEU
160,CLEU160,C,LEU
160,CLEU160,C,LEU
160,CLEU160,C,LEU
160,CLEU160,C,LEU
160,CLEU160,C,LEU
160,CLEU160,C,LEU
160,CLEU160,C,LEU
161,CPRO161,C,PRO
161,CPRO161,C,PRO
161,CPRO161,C,PRO
161,CPRO161,C,PRO
161,CPRO161,C,PRO
161,CPRO161,C,PRO
161,CPRO161,C,PRO
161,CPRO161,C,PRO
161,CPRO161,C,PRO
161,CPRO161,C,PRO
161,CPRO161,C,PRO
161,CPRO161,C,PRO
161,CPRO161,C,PRO
161,CPRO161,C,PRO
162,CLEU162,C,LEU
162,CLEU162,C,LEU
162,CLEU162,C,LEU
162,CLEU162,C,LEU
162,CLEU162,C,LEU
162,CLEU162,C,LEU
162,CLEU162,C,LEU
162,CLEU162,C,LEU
162,CLEU162,C,LEU
162,CLEU162,C,LEU
162,CLEU162,C,LEU
162,CLEU162,C,LEU
162,CLEU162,C,LEU
162,CLEU162,C,LEU
162,CLEU162,C,LEU
162,CLEU162,C,LEU
162,CLEU162,C,LEU
162,CLEU162,C,LEU
162,CLEU162,C,LEU
163,CLEU163,C,LEU
163,CLEU163,C,LEU
163,CLEU163,C,LEU
163,CLEU163,C,LEU
163,CLEU163,C,LEU
163,CLEU163,C,LEU
163,CLEU163,C,LEU
163,CLEU163,C,LEU
163,CLEU163,C,LEU
163,CLEU163,C,LEU
163,CLEU163,C,LEU
163,CLEU163,C,LEU
163,CLEU163,C,LEU
163,CLEU163,C,LEU
163,CLEU163,C,LEU
163,CLEU163,C,LEU
163,CLEU163,C,LEU
163,CLEU163,C,LEU
163,CLEU163,C,LEU
164,CSER164,C,SER
164,CSER164,C,SER
164,CSER164,C,SER
164,CSER164,C,SER
164,CSER164,C,SER
164,CSER164,C,SER
164,CSER164,C,SER
164,CSER164,C,SER
164,CSER164,C,SER
164,CSER164,C,SER
164,CSER164,C,SER
165,CASN165,C,ASN
165,CASN165,C,ASN
165,CASN165,C,ASN
165,CASN165,C,ASN
165,CASN165,C,ASN
165,CASN165,C,ASN
165,CASN165,C,ASN
165,CASN165,C,ASN
165,CASN165,C,ASN
165,CASN165,C,ASN
165,CASN165,C,ASN
165,CASN165,C,ASN
165,CASN165,C,ASN
165,CASN165,C,ASN
166,CTHR166,C,THR
166,CTHR166,C,THR
166,CTHR166,C,THR
166,CTHR166,C,THR
166,CTHR166,C,THR
166,CTHR166,C,THR
166,CTHR166,C,THR
166,CTHR166,C,THR
166,CTHR166,C,THR
166,CTHR166,C,THR
166,CTHR166,C,THR
166,CTHR166,C,THR
166,CTHR166,C,THR
166,CTHR166,C,THR
167,CASN167,C,ASN
167,CASN167,C,ASN
167,CASN167,C,ASN
167,CASN167,C,ASN
167,CASN167,C,ASN
167,CASN167,C,ASN
167,CASN167,C,ASN
167,CASN167,C,ASN
167,CASN167,C,ASN
167,CASN167,C,ASN
167,CASN167,C,ASN
167,CASN167,C,ASN
167,CASN167,C,ASN
167,CASN167,C,ASN
168,CCYS168,C,CYS
168,CCYS168,C,CYS
168,CCYS168,C,CYS
168,CCYS168,C,CYS
168,CCYS168,C,CYS
168,CCYS168,C,CYS
168,CCYS168,C,CYS
168,CCYS168,C,CYS
168,CCYS168,C,CYS
168,CCYS168,C,CYS
168,CCYS168,C,CYS
169,CLYS169,C,LYS
169,CLYS169,C,LYS
169,CLYS169,C,LYS
169,CLYS169,C,LYS
169,CLYS169,C,LYS
169,CLYS169,C,LYS
169,CLYS169,C,LYS
169,CLYS169,C,LYS
169,CLYS169,C,LYS
169,CLYS169,C,LYS
169,CLYS169,C,LYS
169,CLYS169,C,LYS
169,CLYS169,C,LYS
169,CLYS169,C,LYS
169,CLYS169,C,LYS
169,CLYS169,C,LYS
169,CLYS169,C,LYS
169,CLYS169,C,LYS
169,CLYS169,C,LYS
169,CLYS169,C,LYS
169,CLYS169,C,LYS
169,CLYS169,C,LYS
170,CLYS170,C,LYS
170,CLYS170,C,LYS
170,CLYS170,C,LYS
170,CLYS170,C,LYS
170,CLYS170,C,LYS
170,CLYS170,C,LYS
170,CLYS170,C,LYS
170,CLYS170,C,LYS
170,CLYS170,C,LYS
170,CLYS170,C,LYS
170,CLYS170,C,LYS
170,CLYS170,C,LYS
170,CLYS170,C,LYS
170,CLYS170,C,LYS
170,CLYS170,C,LYS
170,CLYS170,C,LYS
170,CLYS170,C,LYS
170,CLYS170,C,LYS
170,CLYS170,C,LYS
170,CLYS170,C,LYS
170,CLYS170,C,LYS
170,CLYS170,C,LYS
171,CTYR171,C,TYR
171,CTYR171,C,TYR
171,CTYR171,C,TYR
171,CTYR171,C,TYR
171,CTYR171,C,TYR
171,CTYR171,C,TYR
171,CTYR171,C,TYR
171,CTYR171,C,TYR
171,CTYR171,C,TYR
171,CTYR171,C,TYR
171,CTYR171,C,TYR
171,CTYR171,C,TYR
171,CTYR171,C,TYR
171,CTYR171,C,TYR
171,CTYR171,C,TYR
171,CTYR171,C,TYR
171,CTYR171,C,TYR
171,CTYR171,C,TYR
171,CTYR171,C,TYR
171,CTYR171,C,TYR
171,CTYR171,C,TYR
172,CTRP172,C,TRP
172,CTRP172,C,TRP
172,CTRP172,C,TRP
172,CTRP172,C,TRP
172,CTRP172,C,TRP
172,CTRP172,C,TRP
172,CTRP172,C,TRP
172,CTRP172,C,TRP
172,CTRP172,C,TRP
172,CTRP172,C,TRP
172,CTRP172,C,TRP
172,CTRP172,C,TRP
172,CTRP172,C,TRP
172,CTRP172,C,TRP
172,CTRP172,C,TRP
172,CTRP172,C,TRP
172,CTRP172,C,TRP
172,CTRP172,C,TRP
172,CTRP172,C,TRP
172,CTRP172,C,TRP
172,CTRP172,C,TRP
172,CTRP172,C,TRP
172,CTRP172,C,TRP
172,CTRP172,C,TRP
173,CGLY173,C,GLY
173,CGLY173,C,GLY
173,CGLY173,C,GLY
173,CGLY173,C,GLY
173,CGLY173,C,GLY
173,CGLY173,C,GLY
173,CGLY173,C,GLY
174,CTHR174,C,THR
174,CTHR174,C,THR
174,CTHR174,C,THR
174,CTHR174,C,THR
174,CTHR174,C,THR
174,CTHR174,C,THR
174,CTHR174,C,THR
174,CTHR174,C,THR
174,CTHR174,C,THR
174,CTHR174,C,THR
174,CTHR174,C,THR
174,CTHR174,C,THR
174,CTHR174,C,THR
174,CTHR174,C,THR
175,CLYS175,C,LYS
175,CLYS175,C,LYS
175,CLYS175,C,LYS
175,CLYS175,C,LYS
175,CLYS175,C,LYS
175,CLYS175,C,LYS
175,CLYS175,C,LYS
175,CLYS175,C,LYS
175,CLYS175,C,LYS
175,CLYS175,C,LYS
175,CLYS175,C,LYS
175,CLYS175,C,LYS
175,CLYS175,C,LYS
175,CLYS175,C,LYS
175,CLYS175,C,LYS
175,CLYS175,C,LYS
175,CLYS175,C,LYS
175,CLYS175,C,LYS
175,CLYS175,C,LYS
175,CLYS175,C,LYS
175,CLYS175,C,LYS
175,CLYS175,C,LYS
176,CILE176,C,ILE
176,CILE176,C,ILE
176,CILE176,C,ILE
176,CILE176,C,ILE
176,CILE176,C,ILE
176,CILE176,C,ILE
176,CILE176,C,ILE
176,CILE176,C,ILE
176,CILE176,C,ILE
176,CILE176,C,ILE
176,CILE176,C,ILE
176,CILE176,C,ILE
176,CILE176,C,ILE
176,CILE176,C,ILE
176,CILE176,C,ILE
176,CILE176,C,ILE
176,CILE176,C,ILE
176,CILE176,C,ILE
176,CILE176,C,ILE
177,CLYS177,C,LYS
177,CLYS177,C,LYS
177,CLYS177,C,LYS
177,CLYS177,C,LYS
177,CLYS177,C,LYS
177,CLYS177,C,LYS
177,CLYS177,C,LYS
177,CLYS177,C,LYS
177,CLYS177,C,LYS
177,CLYS177,C,LYS
177,CLYS177,C,LYS
177,CLYS177,C,LYS
177,CLYS177,C,LYS
177,CLYS177,C,LYS
177,CLYS177,C,LYS
177,CLYS177,C,LYS
177,CLYS177,C,LYS
177,CLYS177,C,LYS
177,CLYS177,C,LYS
177,CLYS177,C,LYS
177,CLYS177,C,LYS
177,CLYS177,C,LYS
178,CASP178,C,ASP
178,CASP178,C,ASP
178,CASP178,C,ASP
178,CASP178,C,ASP
178,CASP178,C,ASP
178,CASP178,C,ASP
178,CASP178,C,ASP
178,CASP178,C,ASP
178,CASP178,C,ASP
178,CASP178,C,ASP
178,CASP178,C,ASP
178,CASP178,C,ASP
179,CALA179,C,ALA
179,CALA179,C,ALA
179,CALA179,C,ALA
179,CALA179,C,ALA
179,CALA179,C,ALA
179,CALA179,C,ALA
179,CALA179,C,ALA
179,CALA179,C,ALA
179,CALA179,C,ALA
179,CALA179,C,ALA
180,CMET180,C,MET
180,CMET180,C,MET
180,CMET180,C,MET
180,CMET180,C,MET
180,CMET180,C,MET
180,CMET180,C,MET
180,CMET180,C,MET
180,CMET180,C,MET
180,CMET180,C,MET
180,CMET180,C,MET
180,CMET180,C,MET
180,CMET180,C,MET
180,CMET180,C,MET
180,CMET180,C,MET
180,CMET180,C,MET
180,CMET180,C,MET
180,CMET180,C,MET
181,CILE181,C,ILE
181,CILE181,C,ILE
181,CILE181,C,ILE
181,CILE181,C,ILE
181,CILE181,C,ILE
181,CILE181,C,ILE
181,CILE181,C,ILE
181,CILE181,C,ILE
181,CILE181,C,ILE
181,CILE181,C,ILE
181,CILE181,C,ILE
181,CILE181,C,ILE
181,CILE181,C,ILE
181,CILE181,C,ILE
181,CILE181,C,ILE
181,CILE181,C,ILE
181,CILE181,C,ILE
181,CILE181,C,ILE
181,CILE181,C,ILE
182,CCYS182,C,CYS
182,CCYS182,C,CYS
182,CCYS182,C,CYS
182,CCYS182,C,CYS
182,CCYS182,C,CYS
182,CCYS182,C,CYS
182,CCYS182,C,CYS
182,CCYS182,C,CYS
182,CCYS182,C,CYS
182,CCYS182,C,CYS
182,CCYS182,C,CYS
183,CALA183,C,ALA
183,CALA183,C,ALA
183,CALA183,C,ALA
183,CALA183,C,ALA
183,CALA183,C,ALA
183,CALA183,C,ALA
183,CALA183,C,ALA
183,CALA183,C,ALA
183,CALA183,C,ALA
183,CALA183,C,ALA
184,CGLY184,C,GLY
184,CGLY184,C,GLY
184,CGLY184,C,GLY
184,CGLY184,C,GLY
184,CGLY184,C,GLY
184,CGLY184,C,GLY
184,CGLY184,C,GLY
185,CALA185,C,ALA
185,CALA185,C,ALA
185,CALA185,C,ALA
185,CALA185,C,ALA
185,CALA185,C,ALA
185,CALA185,C,ALA
185,CALA185,C,ALA
185,CALA185,C,ALA
185,CALA185,C,ALA
185,CALA185,C,ALA
186,CSER186,C,SER
186,CSER186,C,SER
186,CSER186,C,SER
186,CSER186,C,SER
186,CSER186,C,SER
186,CSER186,C,SER
186,CSER186,C,SER
186,CSER186,C,SER
186,CSER186,C,SER
186,CSER186,C,SER
186,CSER186,C,SER
187,CGLY187,C,GLY
187,CGLY187,C,GLY
187,CGLY187,C,GLY
187,CGLY187,C,GLY
187,CGLY187,C,GLY
187,CGLY187,C,GLY
187,CGLY187,C,GLY
188,CVAL188,C,VAL
188,CVAL188,C,VAL
188,CVAL188,C,VAL
188,CVAL188,C,VAL
188,CVAL188,C,VAL
188,CVAL188,C,VAL
188,CVAL188,C,VAL
188,CVAL188,C,VAL
188,CVAL188,C,VAL
188,CVAL188,C,VAL
188,CVAL188,C,VAL
188,CVAL188,C,VAL
188,CVAL188,C,VAL
188,CVAL188,C,VAL
188,CVAL188,C,VAL
188,CVAL188,C,VAL
189,CSER189,C,SER
189,CSER189,C,SER
189,CSER189,C,SER
189,CSER189,C,SER
189,CSER189,C,SER
189,CSER189,C,SER
189,CSER189,C,SER
189,CSER189,C,SER
189,CSER189,C,SER
189,CSER189,C,SER
189,CSER189,C,SER
190,CSER190,C,SER
190,CSER190,C,SER
190,CSER190,C,SER
190,CSER190,C,SER
190,CSER190,C,SER
190,CSER190,C,SER
190,CSER190,C,SER
190,CSER190,C,SER
190,CSER190,C,SER
190,CSER190,C,SER
190,CSER190,C,SER
191,CCYS191,C,CYS
191,CCYS191,C,CYS
191,CCYS191,C,CYS
191,CCYS191,C,CYS
191,CCYS191,C,CYS
191,CCYS191,C,CYS
191,CCYS191,C,CYS
191,CCYS191,C,CYS
191,CCYS191,C,CYS
191,CCYS191,C,CYS
191,CCYS191,C,CYS
192,CMET192,C,MET
192,CMET192,C,MET
192,CMET192,C,MET
192,CMET192,C,MET
192,CMET192,C,MET
192,CMET192,C,MET
192,CMET192,C,MET
192,CMET192,C,MET
192,CMET192,C,MET
192,CMET192,C,MET
192,CMET192,C,MET
192,CMET192,C,MET
192,CMET192,C,MET
192,CMET192,C,MET
192,CMET192,C,MET
192,CMET192,C,MET
192,CMET192,C,MET
193,CGLY193,C,GLY
193,CGLY193,C,GLY
193,CGLY193,C,GLY
193,CGLY193,C,GLY
193,CGLY193,C,GLY
193,CGLY193,C,GLY
193,CGLY193,C,GLY
194,CASP194,C,ASP
194,CASP194,C,ASP
194,CASP194,C,ASP
194,CASP194,C,ASP
194,CASP194,C,ASP
194,CASP194,C,ASP
194,CASP194,C,ASP
194,CASP194,C,ASP
194,CASP194,C,ASP
194,CASP194,C,ASP
194,CASP194,C,ASP
194,CASP194,C,ASP
195,CSER195,C,SER
195,CSER195,C,SER
195,CSER195,C,SER
195,CSER195,C,SER
195,CSER195,C,SER
195,CSER195,C,SER
195,CSER195,C,SER
195,CSER195,C,SER
195,CSER195,C,SER
195,CSER195,C,SER
195,CSER195,C,SER
196,CGLY196,C,GLY
196,CGLY196,C,GLY
196,CGLY196,C,GLY
196,CGLY196,C,GLY
196,CGLY196,C,GLY
196,CGLY196,C,GLY
196,CGLY196,C,GLY
197,CGLY197,C,GLY
197,CGLY197,C,GLY
197,CGLY197,C,GLY
197,CGLY197,C,GLY
197,CGLY197,C,GLY
197,CGLY197,C,GLY
197,CGLY197,C,GLY
198,CPRO198,C,PRO
198,CPRO198,C,PRO
198,CPRO198,C,PRO
198,CPRO198,C,PRO
198,CPRO198,C,PRO
198,CPRO198,C,PRO
198,CPRO198,C,PRO
198,CPRO198,C,PRO
198,CPRO198,C,PRO
198,CPRO198,C,PRO
198,CPRO198,C,PRO
198,CPRO198,C,PRO
198,CPRO198,C,PRO
198,CPRO198,C,PRO
199,CLEU199,C,LEU
199,CLEU199,C,LEU
199,CLEU199,C,LEU
199,CLEU199,C,LEU
199,CLEU199,C,LEU
199,CLEU199,C,LEU
199,CLEU199,C,LEU
199,CLEU199,C,LEU
199,CLEU199,C,LEU
199,CLEU199,C,LEU
199,CLEU199,C,LEU
199,CLEU199,C,LEU
199,CLEU199,C,LEU
199,CLEU199,C,LEU
199,CLEU199,C,LEU
199,CLEU199,C,LEU
199,CLEU199,C,LEU
199,CLEU199,C,LEU
199,CLEU199,C,LEU
200,CVAL200,C,VAL
200,CVAL200,C,VAL
200,CVAL200,C,VAL
200,CVAL200,C,VAL
200,CVAL200,C,VAL
200,CVAL200,C,VAL
200,CVAL200,C,VAL
200,CVAL200,C,VAL
200,CVAL200,C,VAL
200,CVAL200,C,VAL
200,CVAL200,C,VAL
200,CVAL200,C,VAL
200,CVAL200,C,VAL
200,CVAL200,C,VAL
200,CVAL200,C,VAL
200,CVAL200,C,VAL
201,CCYS201,C,CYS
201,CCYS201,C,CYS
201,CCYS201,C,CYS
201,CCYS201,C,CYS
201,CCYS201,C,CYS
201,CCYS201,C,CYS
201,CCYS201,C,CYS
201,CCYS201,C,CYS
201,CCYS201,C,CYS
201,CCYS201,C,CYS
201,CCYS201,C,CYS
202,CLYS202,C,LYS
202,CLYS202,C,LYS
202,CLYS202,C,LYS
202,CLYS202,C,LYS
202,CLYS202,C,LYS
202,CLYS202,C,LYS
202,CLYS202,C,LYS
202,CLYS202,C,LYS
202,CLYS202,C,LYS
202,CLYS202,C,LYS
202,CLYS202,C,LYS
202,CLYS202,C,LYS
202,CLYS202,C,LYS
202,CLYS202,C,LYS
202,CLYS202,C,LYS
202,CLYS202,C,LYS
202,CLYS202,C,LYS
202,CLYS202,C,LYS
202,CLYS202,C,LYS
202,CLYS202,C,LYS
202,CLYS202,C,LYS
202,CLYS202,C,LYS
203,CLYS203,C,LYS
203,CLYS203,C,LYS
203,CLYS203,C,LYS
203,CLYS203,C,LYS
203,CLYS203,C,LYS
203,CLYS203,C,LYS
203,CLYS203,C,LYS
203,CLYS203,C,LYS
203,CLYS203,C,LYS
203,CLYS203,C,LYS
203,CLYS203,C,LYS
203,CLYS203,C,LYS
203,CLYS203,C,LYS
203,CLYS203,C,LYS
203,CLYS203,C,LYS
203,CLYS203,C,LYS
203,CLYS203,C,LYS
203,CLYS203,C,LYS
203,CLYS203,C,LYS
203,CLYS203,C,LYS
203,CLYS203,C,LYS
203,CLYS203,C,LYS
204,CASN204,C,ASN
204,CASN204,C,ASN
204,CASN204,C,ASN
204,CASN204,C,ASN
204,CASN204,C,ASN
204,CASN204,C,ASN
204,CASN204,C,ASN
204,CASN204,C,ASN
204,CASN204,C,ASN
204,CASN204,C,ASN
204,CASN204,C,ASN
204,CASN204,C,ASN
204,CASN204,C,ASN
204,CASN204,C,ASN
205,CGLY205,C,GLY
205,CGLY205,C,GLY
205,CGLY205,C,GLY
205,CGLY205,C,GLY
205,CGLY205,C,GLY
205,CGLY205,C,GLY
205,CGLY205,C,GLY
206,CALA206,C,ALA
206,CALA206,C,ALA
206,CALA206,C,ALA
206,CALA206,C,ALA
206,CALA206,C,ALA
206,CALA206,C,ALA
206,CALA206,C,ALA
206,CALA206,C,ALA
206,CALA206,C,ALA
206,CALA206,C,ALA
207,CTRP207,C,TRP
207,CTRP207,C,TRP
207,CTRP207,C,TRP
207,CTRP207,C,TRP
207,CTRP207,C,TRP
207,CTRP207,C,TRP
207,CTRP207,C,TRP
207,CTRP207,C,TRP
207,CTRP207,C,TRP
207,CTRP207,C,TRP
207,CTRP207,C,TRP
207,CTRP207,C,TRP
207,CTRP207,C,TRP
207,CTRP207,C,TRP
207,CTRP207,C,TRP
207,CTRP207,C,TRP
207,CTRP207,C,TRP
207,CTRP207,C,TRP
207,CTRP207,C,TRP
207,CTRP207,C,TRP
207,CTRP207,C,TRP
207,CTRP207,C,TRP
207,CTRP207,C,TRP
207,CTRP207,C,TRP
208,CTHR208,C,THR
208,CTHR208,C,THR
208,CTHR208,C,THR
208,CTHR208,C,THR
208,CTHR208,C,THR
208,CTHR208,C,THR
208,CTHR208,C,THR
208,CTHR208,C,THR
208,CTHR208,C,THR
208,CTHR208,C,THR
208,CTHR208,C,THR
208,CTHR208,C,THR
208,CTHR208,C,THR
208,CTHR208,C,THR
209,CLEU209,C,LEU
209,CLEU209,C,LEU
209,CLEU209,C,LEU
209,CLEU209,C,LEU
209,CLEU209,C,LEU
209,CLEU209,C,LEU
209,CLEU209,C,LEU
209,CLEU209,C,LEU
209,CLEU209,C,LEU
209,CLEU209,C,LEU
209,CLEU209,C,LEU
209,CLEU209,C,LEU
209,CLEU209,C,LEU
209,CLEU209,C,LEU
209,CLEU209,C,LEU
209,CLEU209,C,LEU
209,CLEU209,C,LEU
209,CLEU209,C,LEU
209,CLEU209,C,LEU
210,CVAL210,C,VAL
210,CVAL210,C,VAL
210,CVAL210,C,VAL
210,CVAL210,C,VAL
210,CVAL210,C,VAL
210,CVAL210,C,VAL
210,CVAL210,C,VAL
210,CVAL210,C,VAL
210,CVAL210,C,VAL
210,CVAL210,C,VAL
210,CVAL210,C,VAL
210,CVAL210,C,VAL
210,CVAL210,C,VAL
210,CVAL210,C,VAL
210,CVAL210,C,VAL
210,CVAL210,C,VAL
211,CGLY211,C,GLY
211,CGLY211,C,GLY
211,CGLY211,C,GLY
211,CGLY211,C,GLY
211,CGLY211,C,GLY
211,CGLY211,C,GLY
211,CGLY211,C,GLY
212,CILE212,C,ILE
212,CILE212,C,ILE
212,CILE212,C,ILE
212,CILE212,C,ILE
212,CILE212,C,ILE
212,CILE212,C,ILE
212,CILE212,C,ILE
212,CILE212,C,ILE
212,CILE212,C,ILE
212,CILE212,C,ILE
212,CILE212,C,ILE
212,CILE212,C,ILE
212,CILE212,C,ILE
212,CILE212,C,ILE
212,CILE212,C,ILE
212,CILE212,C,ILE
212,CILE212,C,ILE
212,CILE212,C,ILE
212,CILE212,C,ILE
213,CVAL213,C,VAL
213,CVAL213,C,VAL
213,CVAL213,C,VAL
213,CVAL213,C,VAL
213,CVAL213,C,VAL
213,CVAL213,C,VAL
213,CVAL213,C,VAL
213,CVAL213,C,VAL
213,CVAL213,C,VAL
213,CVAL213,C,VAL
213,CVAL213,C,VAL
213,CVAL213,C,VAL
213,CVAL213,C,VAL
213,CVAL213,C,VAL
213,CVAL213,C,VAL
213,CVAL213,C,VAL
214,CSER214,C,SER
214,CSER214,C,SER
214,CSER214,C,SER
214,CSER214,C,SER
214,CSER214,C,SER
214,CSER214,C,SER
214,CSER214,C,SER
214,CSER214,C,SER
214,CSER214,C,SER
214,CSER214,C,SER
214,CSER214,C,SER
215,CTRP215,C,TRP
215,CTRP215,C,TRP
215,CTRP215,C,TRP
215,CTRP215,C,TRP
215,CTRP215,C,TRP
215,CTRP215,C,TRP
215,CTRP215,C,TRP
215,CTRP215,C,TRP
215,CTRP215,C,TRP
215,CTRP215,C,TRP
215,CTRP215,C,TRP
215,CTRP215,C,TRP
215,CTRP215,C,TRP
215,CTRP215,C,TRP
215,CTRP215,C,TRP
215,CTRP215,C,TRP
215,CTRP215,C,TRP
215,CTRP215,C,TRP
215,CTRP215,C,TRP
215,CTRP215,C,TRP
215,CTRP215,C,TRP
215,CTRP215,C,TRP
215,CTRP215,C,TRP
215,CTRP215,C,TRP
216,CGLY216,C,GLY
216,CGLY216,C,GLY
216,CGLY216,C,GLY
216,CGLY216,C,GLY
216,CGLY216,C,GLY
216,CGLY216,C,GLY
216,CGLY216,C,GLY
217,CSER217,C,SER
217,CSER217,C,SER
217,CSER217,C,SER
217,CSER217,C,SER
217,CSER217,C,SER
217,CSER217,C,SER
217,CSER217,C,SER
217,CSER217,C,SER
217,CSER217,C,SER
217,CSER217,C,SER
217,CSER217,C,SER
218,CSER218,C,SER
218,CSER218,C,SER
218,CSER218,C,SER
218,CSER218,C,SER
218,CSER218,C,SER
218,CSER218,C,SER
218,CSER218,C,SER
218,CSER218,C,SER
218,CSER218,C,SER
218,CSER218,C,SER
218,CSER218,C,SER
219,CTHR219,C,THR
219,CTHR219,C,THR
219,CTHR219,C,THR
219,CTHR219,C,THR
219,CTHR219,C,THR
219,CTHR219,C,THR
219,CTHR219,C,THR
219,CTHR219,C,THR
219,CTHR219,C,THR
219,CTHR219,C,THR
219,CTHR219,C,THR
219,CTHR219,C,THR
219,CTHR219,C,THR
219,CTHR219,C,THR
220,CCYS220,C,CYS
220,CCYS220,C,CYS
220,CCYS220,C,CYS
220,CCYS220,C,CYS
220,CCYS220,C,CYS
220,CCYS220,C,CYS
220,CCYS220,C,CYS
220,CCYS220,C,CYS
220,CCYS220,C,CYS
220,CCYS220,C,CYS
220,CCYS220,C,CYS
221,CSER221,C,SER
221,CSER221,C,SER
221,CSER221,C,SER
221,CSER221,C,SER
221,CSER221,C,SER
221,CSER221,C,SER
221,CSER221,C,SER
221,CSER221,C,SER
221,CSER221,C,SER
221,CSER221,C,SER
221,CSER221,C,SER
222,CTHR222,C,THR
222,CTHR222,C,THR
222,CTHR222,C,THR
222,CTHR222,C,THR
222,CTHR222,C,THR
222,CTHR222,C,THR
222,CTHR222,C,THR
222,CTHR222,C,THR
222,CTHR222,C,THR
222,CTHR222,C,THR
222,CTHR222,C,THR
222,CTHR222,C,THR
222,CTHR222,C,THR
222,CTHR222,C,THR
223,CSER223,C,SER
223,CSER223,C,SER
223,CSER223,C,SER
223,CSER223,C,SER
223,CSER223,C,SER
223,CSER223,C,SER
223,CSER223,C,SER
223,CSER223,C,SER
223,CSER223,C,SER
223,CSER223,C,SER
223,CSER223,C,SER
224,CTHR224,C,THR
224,CTHR224,C,THR
224,CTHR224,C,THR
224,CTHR224,C,THR
224,CTHR224,C,THR
224,CTHR224,C,THR
224,CTHR224,C,THR
224,CTHR224,C,THR
224,CTHR224,C,THR
224,CTHR224,C,THR
224,CTHR224,C,THR
224,CTHR224,C,THR
224,CTHR224,C,THR
224,CTHR224,C,THR
225,CPRO225,C,PRO
225,CPRO225,C,PRO
225,CPRO225,C,PRO
225,CPRO225,C,PRO
225,CPRO225,C,PRO
225,CPRO225,C,PRO
225,CPRO225,C,PRO
225,CPRO225,C,PRO
225,CPRO225,C,PRO
225,CPRO225,C,PRO
225,CPRO225,C,PRO
225,CPRO225,C,PRO
225,CPRO225,C,PRO
225,CPRO225,C,PRO
226,CGLY226,C,GLY
226,CGLY226,C,GLY
226,CGLY226,C,GLY
226,CGLY226,C,GLY
226,CGLY226,C,GLY
226,CGLY226,C,GLY
226,CGLY226,C,GLY
227,CVAL227,C,VAL
227,CVAL227,C,VAL
227,CVAL227,C,VAL
227,CVAL227,C,VAL
227,CVAL227,C,VAL
227,CVAL227,C,VAL
227,CVAL227,C,VAL
227,CVAL227,C,VAL
227,CVAL227,C,VAL
227,CVAL227,C,VAL
227,CVAL227,C,VAL
227,CVAL227,C,VAL
227,CVAL227,C,VAL
227,CVAL227,C,VAL
227,CVAL227,C,VAL
227,CVAL227,C,VAL
228,CTYR228,C,TYR
228,CTYR228,C,TYR
228,CTYR228,C,TYR
228,CTYR228,C,TYR
228,CTYR228,C,TYR
228,CTYR228,C,TYR
228,CTYR228,C,TYR
228,CTYR228,C,TYR
228,CTYR228,C,TYR
228,CTYR228,C,TYR
228,CTYR228,C,TYR
228,CTYR228,C,TYR
228,CTYR228,C,TYR
228,CTYR228,C,TYR
228,CTYR228,C,TYR
228,CTYR228,C,TYR
228,CTYR228,C,TYR
228,CTYR228,C,TYR
228,CTYR228,C,TYR
228,CTYR228,C,TYR
228,CTYR228,C,TYR
229,CALA229,C,ALA
229,CALA229,C,ALA
229,CALA229,C,ALA
229,CALA229,C,ALA
229,CALA229,C,ALA
229,CALA229,C,ALA
229,CALA229,C,ALA
229,CALA229,C,ALA
229,CALA229,C,ALA
229,CALA229,C,ALA
230,CARG230,C,ARG
230,CARG230,C,ARG
230,CARG230,C,ARG
230,CARG230,C,ARG
230,CARG230,C,ARG
230,CARG230,C,ARG
230,CARG230,C,ARG
230,CARG230,C,ARG
230,CARG230,C,ARG
230,CARG230,C,ARG
230,CARG230,C,ARG
230,CARG230,C,ARG
230,CARG230,C,ARG
230,CARG230,C,ARG
230,CARG230,C,ARG
230,CARG230,C,ARG
230,CARG230,C,ARG
230,CARG230,C,ARG
230,CARG230,C,ARG
230,CARG230,C,ARG
230,CARG230,C,ARG
230,CARG230,C,ARG
230,CARG230,C,ARG
230,CARG230,C,ARG
231,CVAL231,C,VAL
231,CVAL231,C,VAL
231,CVAL231,C,VAL
231,CVAL231,C,VAL
231,CVAL231,C,VAL
231,CVAL231,C,VAL
231,CVAL231,C,VAL
231,CVAL231,C,VAL
231,CVAL231,C,VAL
231,CVAL231,C,VAL
231,CVAL231,C,VAL
231,CVAL231,C,VAL
231,CVAL231,C,VAL
231,CVAL231,C,VAL
231,CVAL231,C,VAL
231,CVAL231,C,VAL
232,CTHR232,C,THR
232,CTHR232,C,THR
232,CTHR232,C,THR
232,CTHR232,C,THR
232,CTHR232,C,THR
232,CTHR232,C,THR
232,CTHR232,C,THR
232,CTHR232,C,THR
232,CTHR232,C,THR
232,CTHR232,C,THR
232,CTHR232,C,THR
232,CTHR232,C,THR
232,CTHR232,C,THR
232,CTHR232,C,THR
233,CALA233,C,ALA
233,CALA233,C,ALA
233,CALA233,C,ALA
233,CALA233,C,ALA
233,CALA233,C,ALA
233,CALA233,C,ALA
233,CALA233,C,ALA
233,CALA233,C,ALA
233,CALA233,C,ALA
233,CALA233,C,ALA
234,CLEU234,C,LEU
234,CLEU234,C,LEU
234,CLEU234,C,LEU
234,CLEU234,C,LEU
234,CLEU234,C,LEU
234,CLEU234,C,LEU
234,CLEU234,C,LEU
234,CLEU234,C,LEU
234,CLEU234,C,LEU
234,CLEU234,C,LEU
234,CLEU234,C,LEU
234,CLEU234,C,LEU
234,CLEU234,C,LEU
234,CLEU234,C,LEU
234,CLEU234,C,LEU
234,CLEU234,C,LEU
234,CLEU234,C,LEU
234,CLEU234,C,LEU
234,CLEU234,C,LEU
235,CVAL235,C,VAL
235,CVAL235,C,VAL
235,CVAL235,C,VAL
235,CVAL235,C,VAL
235,CVAL235,C,VAL
235,CVAL235,C,VAL
235,CVAL235,C,VAL
235,CVAL235,C,VAL
235,CVAL235,C,VAL
235,CVAL235,C,VAL
235,CVAL235,C,VAL
235,CVAL235,C,VAL
235,CVAL235,C,VAL
235,CVAL235,C,VAL
235,CVAL235,C,VAL
235,CVAL235,C,VAL
236,CASN236,C,ASN
236,CASN236,C,ASN
236,CASN236,C,ASN
236,CASN236,C,ASN
236,CASN236,C,ASN
236,CASN236,C,ASN
236,CASN236,C,ASN
236,CASN236,C,ASN
236,CASN236,C,ASN
236,CASN236,C,ASN
236,CASN236,C,ASN
236,CASN236,C,ASN
236,CASN236,C,ASN
236,CASN236,C,ASN
237,CTRP237,C,TRP
237,CTRP237,C,TRP
237,CTRP237,C,TRP
237,CTRP237,C,TRP
237,CTRP237,C,TRP
237,CTRP237,C,TRP
237,CTRP237,C,TRP
237,CTRP237,C,TRP
237,CTRP237,C,TRP
237,CTRP237,C,TRP
237,CTRP237,C,TRP
237,CTRP237,C,TRP
237,CTRP237,C,TRP
237,CTRP237,C,TRP
237,CTRP237,C,TRP
237,CTRP237,C,TRP
237,CTRP237,C,TRP
237,CTRP237,C,TRP
237,CTRP237,C,TRP
237,CTRP237,C,TRP
237,CTRP237,C,TRP
237,CTRP237,C,TRP
237,CTRP237,C,TRP
237,CTRP237,C,TRP
238,CVAL238,C,VAL
238,CVAL238,C,VAL
238,CVAL238,C,VAL
238,CVAL238,C,VAL
238,CVAL238,C,VAL
238,CVAL238,C,VAL
238,CVAL238,C,VAL
238,CVAL238,C,VAL
238,CVAL238,C,VAL
238,CVAL238,C,VAL
238,CVAL238,C,VAL
238,CVAL238,C,VAL
238,CVAL238,C,VAL
238,CVAL238,C,VAL
238,CVAL238,C,VAL
238,CVAL238,C,VAL
239,CGLN239,C,GLN
239,CGLN239,C,GLN
239,CGLN239,C,GLN
239,CGLN239,C,GLN
239,CGLN239,C,GLN
239,CGLN239,C,GLN
239,CGLN239,C,GLN
239,CGLN239,C,GLN
239,CGLN239,C,GLN
239,CGLN239,C,GLN
239,CGLN239,C,GLN
239,CGLN239,C,GLN
239,CGLN239,C,GLN
239,CGLN239,C,GLN
239,CGLN239,C,GLN
239,CGLN239,C,GLN
239,CGLN239,C,GLN
240,CGLN240,C,GLN
240,CGLN240,C,GLN
240,CGLN240,C,GLN
240,CGLN240,C,GLN
240,CGLN240,C,GLN
240,CGLN240,C,GLN
240,CGLN240,C,GLN
240,CGLN240,C,GLN
240,CGLN240,C,GLN
240,CGLN240,C,GLN
240,CGLN240,C,GLN
240,CGLN240,C,GLN
240,CGLN240,C,GLN
240,CGLN240,C,GLN
240,CGLN240,C,GLN
240,CGLN240,C,GLN
240,CGLN240,C,GLN
241,CTHR241,C,THR
241,CTHR241,C,THR
241,CTHR241,C,THR
241,CTHR241,C,THR
241,CTHR241,C,THR
241,CTHR241,C,THR
241,CTHR241,C,THR
241,CTHR241,C,THR
241,CTHR241,C,THR
241,CTHR241,C,THR
241,CTHR241,C,THR
241,CTHR241,C,THR
241,CTHR241,C,THR
241,CTHR241,C,THR
242,CLEU242,C,LEU
242,CLEU242,C,LEU
242,CLEU242,C,LEU
242,CLEU242,C,LEU
242,CLEU242,C,LEU
242,CLEU242,C,LEU
242,CLEU242,C,LEU
242,CLEU242,C,LEU
242,CLEU242,C,LEU
242,CLEU242,C,LEU
242,CLEU242,C,LEU
242,CLEU242,C,LEU
242,CLEU242,C,LEU
242,CLEU242,C,LEU
242,CLEU242,C,LEU
242,CLEU242,C,LEU
242,CLEU242,C,LEU
242,CLEU242,C,LEU
242,CLEU242,C,LEU
243,CALA243,C,ALA
243,CALA243,C,ALA
243,CALA243,C,ALA
243,CALA243,C,ALA
243,CALA243,C,ALA
243,CALA243,C,ALA
243,CALA243,C,ALA
243,CALA243,C,ALA
243,CALA243,C,ALA
243,CALA243,C,ALA
244,CALA244,C,ALA
244,CALA244,C,ALA
244,CALA244,C,ALA
244,CALA244,C,ALA
244,CALA244,C,ALA
244,CALA244,C,ALA
244,CALA244,C,ALA
244,CALA244,C,ALA
244,CALA244,C,ALA
244,CALA244,C,ALA
245,CASN245,C,ASN
245,CASN245,C,ASN
245,CASN245,C,ASN
245,CASN245,C,ASN
245,CASN245,C,ASN
245,CASN245,C,ASN
245,CASN245,C,ASN
245,CASN245,C,ASN
245,CASN245,C,ASN
245,CASN245,C,ASN
245,CASN245,C,ASN
245,CASN245,C,ASN
245,CASN245,C,ASN
245,CASN245,C,ASN
245,CASN245,C,ASN
1,SPRO1,S,PRO
1,SPRO1,S,PRO
1,SPRO1,S,PRO
1,SPRO1,S,PRO
1,SPRO1,S,PRO
1,SPRO1,S,PRO
1,SPRO1,S,PRO
1,SPRO1,S,PRO
1,SPRO1,S,PRO
1,SPRO1,S,PRO
1,SPRO1,S,PRO
1,SPRO1,S,PRO
1,SPRO1,S,PRO
1,SPRO1,S,PRO
1,SPRO1,S,PRO
1,SPRO1,S,PRO
1,SPRO1,S,PRO
1,SPRO1,S,PRO
1,SPRO1,S,PRO
1,SPRO1,S,PRO
2,SALA2,S,ALA
2,SALA2,S,ALA
2,SALA2,S,ALA
2,SALA2,S,ALA
2,SALA2,S,ALA
2,SALA2,S,ALA
2,SALA2,S,ALA
2,SALA2,S,ALA
2,SALA2,S,ALA
2,SALA2,S,ALA
3,SPHE3,S,PHE
3,SPHE3,S,PHE
3,SPHE3,S,PHE
3,SPHE3,S,PHE
3,SPHE3,S,PHE
3,SPHE3,S,PHE
3,SPHE3,S,PHE
3,SPHE3,S,PHE
3,SPHE3,S,PHE
3,SPHE3,S,PHE
3,SPHE3,S,PHE
3,SPHE3,S,PHE
3,SPHE3,S,PHE
3,SPHE3,S,PHE
3,SPHE3,S,PHE
3,SPHE3,S,PHE
3,SPHE3,S,PHE
3,SPHE3,S,PHE
3,SPHE3,S,PHE
3,SPHE3,S,PHE
4,SPHE4,S,PHE
4,SPHE4,S,PHE
4,SPHE4,S,PHE
4,SPHE4,S,PHE
4,SPHE4,S,PHE
4,SPHE4,S,PHE
4,SPHE4,S,PHE
4,SPHE4,S,PHE
4,SPHE4,S,PHE
4,SPHE4,S,PHE
4,SPHE4,S,PHE
4,SPHE4,S,PHE
4,SPHE4,S,PHE
4,SPHE4,S,PHE
4,SPHE4,S,PHE
4,SPHE4,S,PHE
4,SPHE4,S,PHE
4,SPHE4,S,PHE
4,SPHE4,S,PHE
4,SPHE4,S,PHE
4,SPHE4,S,PHE
4,SPHE4,S,PHE
4,SPHE4,S,PHE
